-- MariaDB dump 10.19  Distrib 10.4.24-MariaDB, for Win64 (AMD64)
--
-- Host: localhost    Database: e-commerce
-- ------------------------------------------------------
-- Server version	10.4.24-MariaDB

/*!40101 SET @OLD_CHARACTER_SET_CLIENT=@@CHARACTER_SET_CLIENT */;
/*!40101 SET @OLD_CHARACTER_SET_RESULTS=@@CHARACTER_SET_RESULTS */;
/*!40101 SET @OLD_COLLATION_CONNECTION=@@COLLATION_CONNECTION */;
/*!40101 SET NAMES utf8mb4 */;
/*!40103 SET @OLD_TIME_ZONE=@@TIME_ZONE */;
/*!40103 SET TIME_ZONE='+00:00' */;
/*!40014 SET @OLD_UNIQUE_CHECKS=@@UNIQUE_CHECKS, UNIQUE_CHECKS=0 */;
/*!40014 SET @OLD_FOREIGN_KEY_CHECKS=@@FOREIGN_KEY_CHECKS, FOREIGN_KEY_CHECKS=0 */;
/*!40101 SET @OLD_SQL_MODE=@@SQL_MODE, SQL_MODE='NO_AUTO_VALUE_ON_ZERO' */;
/*!40111 SET @OLD_SQL_NOTES=@@SQL_NOTES, SQL_NOTES=0 */;

--
-- Table structure for table `carts`
--

DROP TABLE IF EXISTS `carts`;
/*!40101 SET @saved_cs_client     = @@character_set_client */;
/*!40101 SET character_set_client = utf8 */;
CREATE TABLE `carts` (
  `id` bigint(20) unsigned NOT NULL AUTO_INCREMENT,
  `user_id` bigint(20) unsigned NOT NULL,
  `product_id` bigint(20) unsigned NOT NULL,
  `quantity` int(11) NOT NULL DEFAULT 1,
  `created_at` timestamp NULL DEFAULT NULL,
  `updated_at` timestamp NULL DEFAULT NULL,
  PRIMARY KEY (`id`),
  UNIQUE KEY `carts_user_id_product_id_unique` (`user_id`,`product_id`),
  KEY `carts_product_id_foreign` (`product_id`),
  CONSTRAINT `carts_product_id_foreign` FOREIGN KEY (`product_id`) REFERENCES `products` (`id`) ON DELETE CASCADE ON UPDATE CASCADE,
  CONSTRAINT `carts_user_id_foreign` FOREIGN KEY (`user_id`) REFERENCES `users` (`id`) ON DELETE CASCADE ON UPDATE CASCADE
) ENGINE=InnoDB AUTO_INCREMENT=60 DEFAULT CHARSET=utf8mb4 COLLATE=utf8mb4_unicode_ci;
/*!40101 SET character_set_client = @saved_cs_client */;

--
-- Dumping data for table `carts`
--

LOCK TABLES `carts` WRITE;
/*!40000 ALTER TABLE `carts` DISABLE KEYS */;
INSERT INTO `carts` VALUES (56,1,1,1,NULL,NULL),(59,3,7,10,NULL,'2022-09-15 02:13:32');
/*!40000 ALTER TABLE `carts` ENABLE KEYS */;
UNLOCK TABLES;

--
-- Table structure for table `categories`
--

DROP TABLE IF EXISTS `categories`;
/*!40101 SET @saved_cs_client     = @@character_set_client */;
/*!40101 SET character_set_client = utf8 */;
CREATE TABLE `categories` (
  `id` bigint(20) unsigned NOT NULL AUTO_INCREMENT,
  `name` varchar(255) COLLATE utf8mb4_unicode_ci DEFAULT NULL,
  `slug` varchar(255) COLLATE utf8mb4_unicode_ci DEFAULT NULL,
  `icon` varchar(255) COLLATE utf8mb4_unicode_ci DEFAULT NULL,
  `status` varchar(255) COLLATE utf8mb4_unicode_ci DEFAULT 'published',
  `description` text COLLATE utf8mb4_unicode_ci DEFAULT NULL,
  `created_at` timestamp NULL DEFAULT NULL,
  `updated_at` timestamp NULL DEFAULT NULL,
  PRIMARY KEY (`id`)
) ENGINE=InnoDB AUTO_INCREMENT=9 DEFAULT CHARSET=utf8mb4 COLLATE=utf8mb4_unicode_ci;
/*!40101 SET character_set_client = @saved_cs_client */;

--
-- Dumping data for table `categories`
--

LOCK TABLES `categories` WRITE;
/*!40000 ALTER TABLE `categories` DISABLE KEYS */;
INSERT INTO `categories` VALUES (1,'All','all','assets/cat_images/all.png','published','<h1>Ganja</h1>','2022-08-06 01:47:31','2022-08-28 12:28:46'),(2,'CLothes','clothes','assets/cat_images/clothes.png','published',NULL,'2022-08-16 08:42:51','2022-08-16 08:42:51'),(3,'Electronics','electronics','assets/cat_images/electronics.png','published',NULL,'2022-08-16 08:52:05','2022-08-16 08:52:05'),(6,'Grocery','grocery','assets/cat_images/202208281125Grocery.png','published','<p>Buy all your groceries here</p>','2022-08-28 05:55:02','2022-08-28 05:55:02'),(7,'Phones 1','phones-1','assets/cat_images/202209021947Phones.jpg','inactive','<p>You guys are stpiddfsjfdfkdksf</p>','2022-08-31 01:39:06','2022-09-15 01:57:00'),(8,'Books','books','assets/cat_images/202209150728Books.png','published','<p>Learn to read books</p>','2022-09-15 01:58:18','2022-09-15 01:58:18');
/*!40000 ALTER TABLE `categories` ENABLE KEYS */;
UNLOCK TABLES;

--
-- Table structure for table `cities`
--

DROP TABLE IF EXISTS `cities`;
/*!40101 SET @saved_cs_client     = @@character_set_client */;
/*!40101 SET character_set_client = utf8 */;
CREATE TABLE `cities` (
  `id` bigint(20) unsigned NOT NULL AUTO_INCREMENT,
  `name` varchar(255) COLLATE utf8mb4_unicode_ci DEFAULT NULL,
  `slug` varchar(255) COLLATE utf8mb4_unicode_ci DEFAULT NULL,
  `state_id` bigint(20) unsigned NOT NULL,
  `created_at` timestamp NULL DEFAULT NULL,
  `updated_at` timestamp NULL DEFAULT NULL,
  PRIMARY KEY (`id`),
  KEY `cities_state_id_foreign` (`state_id`),
  CONSTRAINT `cities_state_id_foreign` FOREIGN KEY (`state_id`) REFERENCES `states` (`id`) ON DELETE CASCADE ON UPDATE CASCADE
) ENGINE=InnoDB AUTO_INCREMENT=638 DEFAULT CHARSET=utf8mb4 COLLATE=utf8mb4_unicode_ci;
/*!40101 SET character_set_client = @saved_cs_client */;

--
-- Dumping data for table `cities`
--

LOCK TABLES `cities` WRITE;
/*!40000 ALTER TABLE `cities` DISABLE KEYS */;
INSERT INTO `cities` VALUES (1,'Adilabad','adilabad',1,'2022-08-07 11:36:27','2022-08-07 11:36:27'),(2,'Anantapur','anantapur',1,'2022-08-07 11:36:27','2022-08-07 11:36:27'),(3,'Chittoor','chittoor',1,'2022-08-07 11:36:27','2022-08-07 11:36:27'),(4,'Kakinada','kakinada',1,'2022-08-07 11:36:27','2022-08-07 11:36:27'),(5,'Guntur','guntur',1,'2022-08-07 11:36:27','2022-08-07 11:36:27'),(6,'Hyderabad','hyderabad',1,'2022-08-07 11:36:27','2022-08-07 11:36:27'),(7,'Karimnagar','karimnagar',1,'2022-08-07 11:36:27','2022-08-07 11:36:27'),(8,'Khammam','khammam',1,'2022-08-07 11:36:27','2022-08-07 11:36:27'),(9,'Krishna','krishna',1,'2022-08-07 11:36:27','2022-08-07 11:36:27'),(10,'Kurnool','kurnool',1,'2022-08-07 11:36:27','2022-08-07 11:36:27'),(11,'Mahbubnagar','mahbubnagar',1,'2022-08-07 11:36:27','2022-08-07 11:36:27'),(12,'Medak','medak',1,'2022-08-07 11:36:27','2022-08-07 11:36:27'),(13,'Nalgonda','nalgonda',1,'2022-08-07 11:36:27','2022-08-07 11:36:27'),(14,'Nizamabad','nizamabad',1,'2022-08-07 11:36:27','2022-08-07 11:36:27'),(15,'Ongole','ongole',1,'2022-08-07 11:36:27','2022-08-07 11:36:27'),(16,'Hyderabad','hyderabad',1,'2022-08-07 11:36:27','2022-08-07 11:36:27'),(17,'Srikakulam','srikakulam',1,'2022-08-07 11:36:27','2022-08-07 11:36:27'),(18,'Nellore','nellore',1,'2022-08-07 11:36:27','2022-08-07 11:36:27'),(19,'Visakhapatnam','visakhapatnam',1,'2022-08-07 11:36:27','2022-08-07 11:36:27'),(20,'Vizianagaram','vizianagaram',1,'2022-08-07 11:36:27','2022-08-07 11:36:27'),(21,'Warangal','warangal',1,'2022-08-07 11:36:27','2022-08-07 11:36:27'),(22,'Eluru','eluru',1,'2022-08-07 11:36:27','2022-08-07 11:36:27'),(23,'Kadapa','kadapa',1,'2022-08-07 11:36:27','2022-08-07 11:36:27'),(24,'Anjaw','anjaw',2,'2022-08-07 11:36:27','2022-08-07 11:36:27'),(25,'Changlang','changlang',2,'2022-08-07 11:36:27','2022-08-07 11:36:27'),(26,'East Siang','east-siang',2,'2022-08-07 11:36:27','2022-08-07 11:36:27'),(27,'Kurung Kumey','kurung-kumey',2,'2022-08-07 11:36:28','2022-08-07 11:36:28'),(28,'Lohit','lohit',2,'2022-08-07 11:36:28','2022-08-07 11:36:28'),(29,'Lower Dibang Valley','lower-dibang-valley',2,'2022-08-07 11:36:28','2022-08-07 11:36:28'),(30,'Lower Subansiri','lower-subansiri',2,'2022-08-07 11:36:28','2022-08-07 11:36:28'),(31,'Papum Pare','papum-pare',2,'2022-08-07 11:36:28','2022-08-07 11:36:28'),(32,'Tawang','tawang',2,'2022-08-07 11:36:28','2022-08-07 11:36:28'),(33,'Tirap','tirap',2,'2022-08-07 11:36:28','2022-08-07 11:36:28'),(34,'Dibang Valley','dibang-valley',2,'2022-08-07 11:36:28','2022-08-07 11:36:28'),(35,'Upper Siang','upper-siang',2,'2022-08-07 11:36:28','2022-08-07 11:36:28'),(36,'Upper Subansiri','upper-subansiri',2,'2022-08-07 11:36:28','2022-08-07 11:36:28'),(37,'West Kameng','west-kameng',2,'2022-08-07 11:36:28','2022-08-07 11:36:28'),(38,'West Siang','west-siang',2,'2022-08-07 11:36:28','2022-08-07 11:36:28'),(39,'Baksa','baksa',3,'2022-08-07 11:36:28','2022-08-07 11:36:28'),(40,'Barpeta','barpeta',3,'2022-08-07 11:36:28','2022-08-07 11:36:28'),(41,'Bongaigaon','bongaigaon',3,'2022-08-07 11:36:28','2022-08-07 11:36:28'),(42,'Cachar','cachar',3,'2022-08-07 11:36:28','2022-08-07 11:36:28'),(43,'Chirang','chirang',3,'2022-08-07 11:36:28','2022-08-07 11:36:28'),(44,'Darrang','darrang',3,'2022-08-07 11:36:28','2022-08-07 11:36:28'),(45,'Dhemaji','dhemaji',3,'2022-08-07 11:36:28','2022-08-07 11:36:28'),(46,'Dima Hasao','dima-hasao',3,'2022-08-07 11:36:28','2022-08-07 11:36:28'),(47,'Dhubri','dhubri',3,'2022-08-07 11:36:28','2022-08-07 11:36:28'),(48,'Dibrugarh','dibrugarh',3,'2022-08-07 11:36:28','2022-08-07 11:36:28'),(49,'Goalpara','goalpara',3,'2022-08-07 11:36:28','2022-08-07 11:36:28'),(50,'Golaghat','golaghat',3,'2022-08-07 11:36:28','2022-08-07 11:36:28'),(51,'Hailakandi','hailakandi',3,'2022-08-07 11:36:28','2022-08-07 11:36:28'),(52,'Jorhat','jorhat',3,'2022-08-07 11:36:28','2022-08-07 11:36:28'),(53,'Kamrup','kamrup',3,'2022-08-07 11:36:28','2022-08-07 11:36:28'),(54,'Kamrup Metropolitan','kamrup-metropolitan',3,'2022-08-07 11:36:28','2022-08-07 11:36:28'),(55,'Karbi Anglong','karbi-anglong',3,'2022-08-07 11:36:28','2022-08-07 11:36:28'),(56,'Karimganj','karimganj',3,'2022-08-07 11:36:28','2022-08-07 11:36:28'),(57,'Kokrajhar','kokrajhar',3,'2022-08-07 11:36:28','2022-08-07 11:36:28'),(58,'Lakhimpur','lakhimpur',3,'2022-08-07 11:36:28','2022-08-07 11:36:28'),(59,'Marigaon','marigaon',3,'2022-08-07 11:36:28','2022-08-07 11:36:28'),(60,'Nagaon','nagaon',3,'2022-08-07 11:36:28','2022-08-07 11:36:28'),(61,'Nalbari','nalbari',3,'2022-08-07 11:36:28','2022-08-07 11:36:28'),(62,'Sibsagar','sibsagar',3,'2022-08-07 11:36:28','2022-08-07 11:36:28'),(63,'Sonitpur','sonitpur',3,'2022-08-07 11:36:28','2022-08-07 11:36:28'),(64,'Tinsukia','tinsukia',3,'2022-08-07 11:36:28','2022-08-07 11:36:28'),(65,'Udalguri','udalguri',3,'2022-08-07 11:36:28','2022-08-07 11:36:28'),(66,'Araria','araria',4,'2022-08-07 11:36:28','2022-08-07 11:36:28'),(67,'Arwal','arwal',4,'2022-08-07 11:36:28','2022-08-07 11:36:28'),(68,'Aurangabad','aurangabad',4,'2022-08-07 11:36:28','2022-08-07 11:36:28'),(69,'Banka','banka',4,'2022-08-07 11:36:28','2022-08-07 11:36:28'),(70,'Begusarai','begusarai',4,'2022-08-07 11:36:28','2022-08-07 11:36:28'),(71,'Bhagalpur','bhagalpur',4,'2022-08-07 11:36:28','2022-08-07 11:36:28'),(72,'Bhojpur','bhojpur',4,'2022-08-07 11:36:28','2022-08-07 11:36:28'),(73,'Buxar','buxar',4,'2022-08-07 11:36:28','2022-08-07 11:36:28'),(74,'Darbhanga','darbhanga',4,'2022-08-07 11:36:28','2022-08-07 11:36:28'),(75,'East Champaran','east-champaran',4,'2022-08-07 11:36:28','2022-08-07 11:36:28'),(76,'Gaya','gaya',4,'2022-08-07 11:36:28','2022-08-07 11:36:28'),(77,'Gopalganj','gopalganj',4,'2022-08-07 11:36:28','2022-08-07 11:36:28'),(78,'Jamui','jamui',4,'2022-08-07 11:36:28','2022-08-07 11:36:28'),(79,'Jehanabad','jehanabad',4,'2022-08-07 11:36:28','2022-08-07 11:36:28'),(80,'Kaimur','kaimur',4,'2022-08-07 11:36:28','2022-08-07 11:36:28'),(81,'Katihar','katihar',4,'2022-08-07 11:36:28','2022-08-07 11:36:28'),(82,'Khagaria','khagaria',4,'2022-08-07 11:36:28','2022-08-07 11:36:28'),(83,'Kishanganj','kishanganj',4,'2022-08-07 11:36:28','2022-08-07 11:36:28'),(84,'Lakhisarai','lakhisarai',4,'2022-08-07 11:36:28','2022-08-07 11:36:28'),(85,'Madhepura','madhepura',4,'2022-08-07 11:36:28','2022-08-07 11:36:28'),(86,'Madhubani','madhubani',4,'2022-08-07 11:36:28','2022-08-07 11:36:28'),(87,'Munger','munger',4,'2022-08-07 11:36:28','2022-08-07 11:36:28'),(88,'Muzaffarpur','muzaffarpur',4,'2022-08-07 11:36:28','2022-08-07 11:36:28'),(89,'Nalanda','nalanda',4,'2022-08-07 11:36:28','2022-08-07 11:36:28'),(90,'Nawada','nawada',4,'2022-08-07 11:36:28','2022-08-07 11:36:28'),(91,'Patna','patna',4,'2022-08-07 11:36:28','2022-08-07 11:36:28'),(92,'Purnia','purnia',4,'2022-08-07 11:36:28','2022-08-07 11:36:28'),(93,'Rohtas','rohtas',4,'2022-08-07 11:36:28','2022-08-07 11:36:28'),(94,'Saharsa','saharsa',4,'2022-08-07 11:36:28','2022-08-07 11:36:28'),(95,'Samastipur','samastipur',4,'2022-08-07 11:36:28','2022-08-07 11:36:28'),(96,'Saran','saran',4,'2022-08-07 11:36:28','2022-08-07 11:36:28'),(97,'Sheikhpura','sheikhpura',4,'2022-08-07 11:36:28','2022-08-07 11:36:28'),(98,'Sheohar','sheohar',4,'2022-08-07 11:36:28','2022-08-07 11:36:28'),(99,'Sitamarhi','sitamarhi',4,'2022-08-07 11:36:28','2022-08-07 11:36:28'),(100,'Siwan','siwan',4,'2022-08-07 11:36:28','2022-08-07 11:36:28'),(101,'Supaul','supaul',4,'2022-08-07 11:36:28','2022-08-07 11:36:28'),(102,'Vaishali','vaishali',4,'2022-08-07 11:36:28','2022-08-07 11:36:28'),(103,'West Champaran','west-champaran',4,'2022-08-07 11:36:28','2022-08-07 11:36:28'),(104,'Chandigarh','chandigarh',4,'2022-08-07 11:36:28','2022-08-07 11:36:28'),(105,'Bastar','bastar',5,'2022-08-07 11:36:28','2022-08-07 11:36:28'),(106,'Bijapur','bijapur',5,'2022-08-07 11:36:28','2022-08-07 11:36:28'),(107,'Bilaspur','bilaspur',5,'2022-08-07 11:36:28','2022-08-07 11:36:28'),(108,'Dantewada','dantewada',5,'2022-08-07 11:36:28','2022-08-07 11:36:28'),(109,'Dhamtari','dhamtari',5,'2022-08-07 11:36:28','2022-08-07 11:36:28'),(110,'Durg','durg',5,'2022-08-07 11:36:28','2022-08-07 11:36:28'),(111,'Jashpur','jashpur',5,'2022-08-07 11:36:28','2022-08-07 11:36:28'),(112,'Janjgir-Champa','janjgir-champa',5,'2022-08-07 11:36:28','2022-08-07 11:36:28'),(113,'Korba','korba',5,'2022-08-07 11:36:28','2022-08-07 11:36:28'),(114,'Koriya','koriya',5,'2022-08-07 11:36:28','2022-08-07 11:36:28'),(115,'Kanker','kanker',5,'2022-08-07 11:36:28','2022-08-07 11:36:28'),(116,'Kabirdham (Kawardha)','kabirdham-kawardha',5,'2022-08-07 11:36:28','2022-08-07 11:36:28'),(117,'Mahasamund','mahasamund',5,'2022-08-07 11:36:28','2022-08-07 11:36:28'),(118,'Narayanpur','narayanpur',5,'2022-08-07 11:36:28','2022-08-07 11:36:28'),(119,'Raigarh','raigarh',5,'2022-08-07 11:36:28','2022-08-07 11:36:28'),(120,'Rajnandgaon','rajnandgaon',5,'2022-08-07 11:36:28','2022-08-07 11:36:28'),(121,'Raipur','raipur',5,'2022-08-07 11:36:28','2022-08-07 11:36:28'),(122,'Surguja','surguja',5,'2022-08-07 11:36:28','2022-08-07 11:36:28'),(123,'Dadra and Nagar Haveli','dadra-and-nagar-haveli',6,'2022-08-07 11:36:28','2022-08-07 11:36:28'),(124,'Daman','daman',7,'2022-08-07 11:36:28','2022-08-07 11:36:28'),(125,'Diu','diu',7,'2022-08-07 11:36:28','2022-08-07 11:36:28'),(126,'Central Delhi','central-delhi',8,'2022-08-07 11:36:28','2022-08-07 11:36:28'),(127,'East Delhi','east-delhi',8,'2022-08-07 11:36:28','2022-08-07 11:36:28'),(128,'New Delhi','new-delhi',8,'2022-08-07 11:36:28','2022-08-07 11:36:28'),(129,'North Delhi','north-delhi',8,'2022-08-07 11:36:28','2022-08-07 11:36:28'),(130,'North East Delhi','north-east-delhi',8,'2022-08-07 11:36:28','2022-08-07 11:36:28'),(131,'North West Delhi','north-west-delhi',8,'2022-08-07 11:36:28','2022-08-07 11:36:28'),(132,'South Delhi','south-delhi',8,'2022-08-07 11:36:28','2022-08-07 11:36:28'),(133,'South West Delhi','south-west-delhi',8,'2022-08-07 11:36:28','2022-08-07 11:36:28'),(134,'West Delhi','west-delhi',8,'2022-08-07 11:36:28','2022-08-07 11:36:28'),(135,'North Goa','north-goa',9,'2022-08-07 11:36:28','2022-08-07 11:36:28'),(136,'South Goa','south-goa',9,'2022-08-07 11:36:28','2022-08-07 11:36:28'),(137,'Ahmedabad','ahmedabad',10,'2022-08-07 11:36:28','2022-08-07 11:36:28'),(138,'Amreli district','amreli-district',10,'2022-08-07 11:36:28','2022-08-07 11:36:28'),(139,'Anand','anand',10,'2022-08-07 11:36:28','2022-08-07 11:36:28'),(140,'Banaskantha','banaskantha',10,'2022-08-07 11:36:28','2022-08-07 11:36:28'),(141,'Bharuch','bharuch',10,'2022-08-07 11:36:28','2022-08-07 11:36:28'),(142,'Bhavnagar','bhavnagar',10,'2022-08-07 11:36:28','2022-08-07 11:36:28'),(143,'Dahod','dahod',10,'2022-08-07 11:36:28','2022-08-07 11:36:28'),(144,'The Dangs','the-dangs',10,'2022-08-07 11:36:28','2022-08-07 11:36:28'),(145,'Gandhinagar','gandhinagar',10,'2022-08-07 11:36:28','2022-08-07 11:36:28'),(146,'Jamnagar','jamnagar',10,'2022-08-07 11:36:28','2022-08-07 11:36:28'),(147,'Junagadh','junagadh',10,'2022-08-07 11:36:28','2022-08-07 11:36:28'),(148,'Kutch','kutch',10,'2022-08-07 11:36:28','2022-08-07 11:36:28'),(149,'Kheda','kheda',10,'2022-08-07 11:36:28','2022-08-07 11:36:28'),(150,'Mehsana','mehsana',10,'2022-08-07 11:36:28','2022-08-07 11:36:28'),(151,'Narmada','narmada',10,'2022-08-07 11:36:28','2022-08-07 11:36:28'),(152,'Navsari','navsari',10,'2022-08-07 11:36:28','2022-08-07 11:36:28'),(153,'Patan','patan',10,'2022-08-07 11:36:28','2022-08-07 11:36:28'),(154,'Panchmahal','panchmahal',10,'2022-08-07 11:36:28','2022-08-07 11:36:28'),(155,'Porbandar','porbandar',10,'2022-08-07 11:36:28','2022-08-07 11:36:28'),(156,'Rajkot','rajkot',10,'2022-08-07 11:36:28','2022-08-07 11:36:28'),(157,'Sabarkantha','sabarkantha',10,'2022-08-07 11:36:28','2022-08-07 11:36:28'),(158,'Surendranagar','surendranagar',10,'2022-08-07 11:36:28','2022-08-07 11:36:28'),(159,'Surat','surat',10,'2022-08-07 11:36:28','2022-08-07 11:36:28'),(160,'Vyara','vyara',10,'2022-08-07 11:36:28','2022-08-07 11:36:28'),(161,'Vadodara','vadodara',10,'2022-08-07 11:36:28','2022-08-07 11:36:28'),(162,'Valsad','valsad',10,'2022-08-07 11:36:28','2022-08-07 11:36:28'),(163,'Ambala','ambala',11,'2022-08-07 11:36:28','2022-08-07 11:36:28'),(164,'Bhiwani','bhiwani',11,'2022-08-07 11:36:28','2022-08-07 11:36:28'),(165,'Faridabad','faridabad',11,'2022-08-07 11:36:28','2022-08-07 11:36:28'),(166,'Fatehabad','fatehabad',11,'2022-08-07 11:36:28','2022-08-07 11:36:28'),(167,'Gurgaon','gurgaon',11,'2022-08-07 11:36:28','2022-08-07 11:36:28'),(168,'Hissar','hissar',11,'2022-08-07 11:36:28','2022-08-07 11:36:28'),(169,'Jhajjar','jhajjar',11,'2022-08-07 11:36:28','2022-08-07 11:36:28'),(170,'Jind','jind',11,'2022-08-07 11:36:28','2022-08-07 11:36:28'),(171,'Karnal','karnal',11,'2022-08-07 11:36:28','2022-08-07 11:36:28'),(172,'Kaithal','kaithal',11,'2022-08-07 11:36:28','2022-08-07 11:36:28'),(173,'Kurukshetra','kurukshetra',11,'2022-08-07 11:36:28','2022-08-07 11:36:28'),(174,'Mahendragarh','mahendragarh',11,'2022-08-07 11:36:28','2022-08-07 11:36:28'),(175,'Mewat','mewat',11,'2022-08-07 11:36:28','2022-08-07 11:36:28'),(176,'Palwal','palwal',11,'2022-08-07 11:36:28','2022-08-07 11:36:28'),(177,'Panchkula','panchkula',11,'2022-08-07 11:36:28','2022-08-07 11:36:28'),(178,'Panipat','panipat',11,'2022-08-07 11:36:28','2022-08-07 11:36:28'),(179,'Rewari','rewari',11,'2022-08-07 11:36:28','2022-08-07 11:36:28'),(180,'Rohtak','rohtak',11,'2022-08-07 11:36:28','2022-08-07 11:36:28'),(181,'Sirsa','sirsa',11,'2022-08-07 11:36:28','2022-08-07 11:36:28'),(182,'Sonipat','sonipat',11,'2022-08-07 11:36:28','2022-08-07 11:36:28'),(183,'Yamuna Nagar','yamuna-nagar',11,'2022-08-07 11:36:28','2022-08-07 11:36:28'),(184,'Bilaspur','bilaspur',12,'2022-08-07 11:36:28','2022-08-07 11:36:28'),(185,'Chamba','chamba',12,'2022-08-07 11:36:28','2022-08-07 11:36:28'),(186,'Hamirpur','hamirpur',12,'2022-08-07 11:36:28','2022-08-07 11:36:28'),(187,'Kangra','kangra',12,'2022-08-07 11:36:28','2022-08-07 11:36:28'),(188,'Kinnaur','kinnaur',12,'2022-08-07 11:36:28','2022-08-07 11:36:28'),(189,'Kullu','kullu',12,'2022-08-07 11:36:28','2022-08-07 11:36:28'),(190,'Lahaul and Spiti','lahaul-and-spiti',12,'2022-08-07 11:36:28','2022-08-07 11:36:28'),(191,'Mandi','mandi',12,'2022-08-07 11:36:28','2022-08-07 11:36:28'),(192,'Shimla','shimla',12,'2022-08-07 11:36:28','2022-08-07 11:36:28'),(193,'Sirmaur','sirmaur',12,'2022-08-07 11:36:28','2022-08-07 11:36:28'),(194,'Solan','solan',12,'2022-08-07 11:36:28','2022-08-07 11:36:28'),(195,'Una','una',12,'2022-08-07 11:36:28','2022-08-07 11:36:28'),(196,'Anantnag','anantnag',13,'2022-08-07 11:36:28','2022-08-07 11:36:28'),(197,'Badgam','badgam',13,'2022-08-07 11:36:28','2022-08-07 11:36:28'),(198,'Bandipora','bandipora',13,'2022-08-07 11:36:28','2022-08-07 11:36:28'),(199,'Baramulla','baramulla',13,'2022-08-07 11:36:28','2022-08-07 11:36:28'),(200,'Doda','doda',13,'2022-08-07 11:36:28','2022-08-07 11:36:28'),(201,'Ganderbal','ganderbal',13,'2022-08-07 11:36:28','2022-08-07 11:36:28'),(202,'Jammu','jammu',13,'2022-08-07 11:36:28','2022-08-07 11:36:28'),(203,'Kargil','kargil',13,'2022-08-07 11:36:28','2022-08-07 11:36:28'),(204,'Kathua','kathua',13,'2022-08-07 11:36:28','2022-08-07 11:36:28'),(205,'Kishtwar','kishtwar',13,'2022-08-07 11:36:28','2022-08-07 11:36:28'),(206,'Kupwara','kupwara',13,'2022-08-07 11:36:28','2022-08-07 11:36:28'),(207,'Kulgam','kulgam',13,'2022-08-07 11:36:28','2022-08-07 11:36:28'),(208,'Leh','leh',13,'2022-08-07 11:36:28','2022-08-07 11:36:28'),(209,'Poonch','poonch',13,'2022-08-07 11:36:28','2022-08-07 11:36:28'),(210,'Pulwama','pulwama',13,'2022-08-07 11:36:28','2022-08-07 11:36:28'),(211,'Rajauri','rajauri',13,'2022-08-07 11:36:28','2022-08-07 11:36:28'),(212,'Ramban','ramban',13,'2022-08-07 11:36:28','2022-08-07 11:36:28'),(213,'Reasi','reasi',13,'2022-08-07 11:36:28','2022-08-07 11:36:28'),(214,'Samba','samba',13,'2022-08-07 11:36:28','2022-08-07 11:36:28'),(215,'Shopian','shopian',13,'2022-08-07 11:36:28','2022-08-07 11:36:28'),(216,'Srinagar','srinagar',13,'2022-08-07 11:36:28','2022-08-07 11:36:28'),(217,'Udhampur','udhampur',13,'2022-08-07 11:36:28','2022-08-07 11:36:28'),(218,'Bokaro','bokaro',14,'2022-08-07 11:36:28','2022-08-07 11:36:28'),(219,'Chatra','chatra',14,'2022-08-07 11:36:28','2022-08-07 11:36:28'),(220,'Deoghar','deoghar',14,'2022-08-07 11:36:28','2022-08-07 11:36:28'),(221,'Dhanbad','dhanbad',14,'2022-08-07 11:36:28','2022-08-07 11:36:28'),(222,'Dumka','dumka',14,'2022-08-07 11:36:28','2022-08-07 11:36:28'),(223,'East Singhbhum','east-singhbhum',14,'2022-08-07 11:36:28','2022-08-07 11:36:28'),(224,'Garhwa','garhwa',14,'2022-08-07 11:36:28','2022-08-07 11:36:28'),(225,'Giridih','giridih',14,'2022-08-07 11:36:28','2022-08-07 11:36:28'),(226,'Godda','godda',14,'2022-08-07 11:36:28','2022-08-07 11:36:28'),(227,'Gumla','gumla',14,'2022-08-07 11:36:28','2022-08-07 11:36:28'),(228,'Hazaribag','hazaribag',14,'2022-08-07 11:36:28','2022-08-07 11:36:28'),(229,'Jamtara','jamtara',14,'2022-08-07 11:36:28','2022-08-07 11:36:28'),(230,'Khunti','khunti',14,'2022-08-07 11:36:28','2022-08-07 11:36:28'),(231,'Koderma','koderma',14,'2022-08-07 11:36:28','2022-08-07 11:36:28'),(232,'Latehar','latehar',14,'2022-08-07 11:36:28','2022-08-07 11:36:28'),(233,'Lohardaga','lohardaga',14,'2022-08-07 11:36:28','2022-08-07 11:36:28'),(234,'Pakur','pakur',14,'2022-08-07 11:36:28','2022-08-07 11:36:28'),(235,'Palamu','palamu',14,'2022-08-07 11:36:28','2022-08-07 11:36:28'),(236,'Ramgarh','ramgarh',14,'2022-08-07 11:36:28','2022-08-07 11:36:28'),(237,'Ranchi','ranchi',14,'2022-08-07 11:36:28','2022-08-07 11:36:28'),(238,'Sahibganj','sahibganj',14,'2022-08-07 11:36:28','2022-08-07 11:36:28'),(239,'Seraikela Kharsawan','seraikela-kharsawan',14,'2022-08-07 11:36:28','2022-08-07 11:36:28'),(240,'Simdega','simdega',14,'2022-08-07 11:36:28','2022-08-07 11:36:28'),(241,'West Singhbhum','west-singhbhum',14,'2022-08-07 11:36:28','2022-08-07 11:36:28'),(242,'Bagalkot','bagalkot',15,'2022-08-07 11:36:28','2022-08-07 11:36:28'),(243,'Bangalore Rural','bangalore-rural',15,'2022-08-07 11:36:28','2022-08-07 11:36:28'),(244,'Bangalore Urban','bangalore-urban',15,'2022-08-07 11:36:28','2022-08-07 11:36:28'),(245,'Belgaum','belgaum',15,'2022-08-07 11:36:28','2022-08-07 11:36:28'),(246,'Bellary','bellary',15,'2022-08-07 11:36:28','2022-08-07 11:36:28'),(247,'Bidar','bidar',15,'2022-08-07 11:36:28','2022-08-07 11:36:28'),(248,'Bijapur','bijapur',15,'2022-08-07 11:36:28','2022-08-07 11:36:28'),(249,'Chamarajnagar','chamarajnagar',15,'2022-08-07 11:36:28','2022-08-07 11:36:28'),(250,'Chikkamagaluru','chikkamagaluru',15,'2022-08-07 11:36:28','2022-08-07 11:36:28'),(251,'Chikkaballapur','chikkaballapur',15,'2022-08-07 11:36:28','2022-08-07 11:36:28'),(252,'Chitradurga','chitradurga',15,'2022-08-07 11:36:28','2022-08-07 11:36:28'),(253,'Davanagere','davanagere',15,'2022-08-07 11:36:28','2022-08-07 11:36:28'),(254,'Dharwad','dharwad',15,'2022-08-07 11:36:28','2022-08-07 11:36:28'),(255,'Dakshina Kannada','dakshina-kannada',15,'2022-08-07 11:36:28','2022-08-07 11:36:28'),(256,'Gadag','gadag',15,'2022-08-07 11:36:28','2022-08-07 11:36:28'),(257,'Gulbarga','gulbarga',15,'2022-08-07 11:36:28','2022-08-07 11:36:28'),(258,'Hassan','hassan',15,'2022-08-07 11:36:28','2022-08-07 11:36:28'),(259,'Haveri district','haveri-district',15,'2022-08-07 11:36:28','2022-08-07 11:36:28'),(260,'Kodagu','kodagu',15,'2022-08-07 11:36:28','2022-08-07 11:36:28'),(261,'Kolar','kolar',15,'2022-08-07 11:36:28','2022-08-07 11:36:28'),(262,'Koppal','koppal',15,'2022-08-07 11:36:28','2022-08-07 11:36:28'),(263,'Mandya','mandya',15,'2022-08-07 11:36:28','2022-08-07 11:36:28'),(264,'Mysore','mysore',15,'2022-08-07 11:36:28','2022-08-07 11:36:28'),(265,'Raichur','raichur',15,'2022-08-07 11:36:28','2022-08-07 11:36:28'),(266,'Shimoga','shimoga',15,'2022-08-07 11:36:28','2022-08-07 11:36:28'),(267,'Tumkur','tumkur',15,'2022-08-07 11:36:28','2022-08-07 11:36:28'),(268,'Udupi','udupi',15,'2022-08-07 11:36:28','2022-08-07 11:36:28'),(269,'Uttara Kannada','uttara-kannada',15,'2022-08-07 11:36:28','2022-08-07 11:36:28'),(270,'Ramanagara','ramanagara',15,'2022-08-07 11:36:28','2022-08-07 11:36:28'),(271,'Yadgir','yadgir',15,'2022-08-07 11:36:28','2022-08-07 11:36:28'),(272,'Alappuzha','alappuzha',16,'2022-08-07 11:36:28','2022-08-07 11:36:28'),(273,'Ernakulam','ernakulam',16,'2022-08-07 11:36:28','2022-08-07 11:36:28'),(274,'Idukki','idukki',16,'2022-08-07 11:36:28','2022-08-07 11:36:28'),(275,'Kannur','kannur',16,'2022-08-07 11:36:28','2022-08-07 11:36:28'),(276,'Kasaragod','kasaragod',16,'2022-08-07 11:36:28','2022-08-07 11:36:28'),(277,'Kollam','kollam',16,'2022-08-07 11:36:28','2022-08-07 11:36:28'),(278,'Kottayam','kottayam',16,'2022-08-07 11:36:28','2022-08-07 11:36:28'),(279,'Kozhikode','kozhikode',16,'2022-08-07 11:36:28','2022-08-07 11:36:28'),(280,'Malappuram','malappuram',16,'2022-08-07 11:36:28','2022-08-07 11:36:28'),(281,'Palakkad','palakkad',16,'2022-08-07 11:36:28','2022-08-07 11:36:28'),(282,'Pathanamthitta','pathanamthitta',16,'2022-08-07 11:36:28','2022-08-07 11:36:28'),(283,'Thrissur','thrissur',16,'2022-08-07 11:36:28','2022-08-07 11:36:28'),(284,'Thiruvananthapuram','thiruvananthapuram',16,'2022-08-07 11:36:28','2022-08-07 11:36:28'),(285,'Wayanad','wayanad',16,'2022-08-07 11:36:28','2022-08-07 11:36:28'),(286,'Alirajpur','alirajpur',17,'2022-08-07 11:36:28','2022-08-07 11:36:28'),(287,'Anuppur','anuppur',17,'2022-08-07 11:36:28','2022-08-07 11:36:28'),(288,'Ashok Nagar','ashok-nagar',17,'2022-08-07 11:36:28','2022-08-07 11:36:28'),(289,'Balaghat','balaghat',17,'2022-08-07 11:36:28','2022-08-07 11:36:28'),(290,'Barwani','barwani',17,'2022-08-07 11:36:28','2022-08-07 11:36:28'),(291,'Betul','betul',17,'2022-08-07 11:36:28','2022-08-07 11:36:28'),(292,'Bhind','bhind',17,'2022-08-07 11:36:28','2022-08-07 11:36:28'),(293,'Bhopal','bhopal',17,'2022-08-07 11:36:28','2022-08-07 11:36:28'),(294,'Burhanpur','burhanpur',17,'2022-08-07 11:36:28','2022-08-07 11:36:28'),(295,'Chhatarpur','chhatarpur',17,'2022-08-07 11:36:28','2022-08-07 11:36:28'),(296,'Chhindwara','chhindwara',17,'2022-08-07 11:36:28','2022-08-07 11:36:28'),(297,'Damoh','damoh',17,'2022-08-07 11:36:28','2022-08-07 11:36:28'),(298,'Datia','datia',17,'2022-08-07 11:36:28','2022-08-07 11:36:28'),(299,'Dewas','dewas',17,'2022-08-07 11:36:28','2022-08-07 11:36:28'),(300,'Dhar','dhar',17,'2022-08-07 11:36:28','2022-08-07 11:36:28'),(301,'Dindori','dindori',17,'2022-08-07 11:36:28','2022-08-07 11:36:28'),(302,'Guna','guna',17,'2022-08-07 11:36:28','2022-08-07 11:36:28'),(303,'Gwalior','gwalior',17,'2022-08-07 11:36:28','2022-08-07 11:36:28'),(304,'Harda','harda',17,'2022-08-07 11:36:28','2022-08-07 11:36:28'),(305,'Hoshangabad','hoshangabad',17,'2022-08-07 11:36:28','2022-08-07 11:36:28'),(306,'Indore','indore',17,'2022-08-07 11:36:28','2022-08-07 11:36:28'),(307,'Jabalpur','jabalpur',17,'2022-08-07 11:36:28','2022-08-07 11:36:28'),(308,'Jhabua','jhabua',17,'2022-08-07 11:36:28','2022-08-07 11:36:28'),(309,'Katni','katni',17,'2022-08-07 11:36:28','2022-08-07 11:36:28'),(310,'Khandwa (East Nimar)','khandwa-east-nimar',17,'2022-08-07 11:36:28','2022-08-07 11:36:28'),(311,'Khargone (West Nimar)','khargone-west-nimar',17,'2022-08-07 11:36:28','2022-08-07 11:36:28'),(312,'Mandla','mandla',17,'2022-08-07 11:36:28','2022-08-07 11:36:28'),(313,'Mandsaur','mandsaur',17,'2022-08-07 11:36:28','2022-08-07 11:36:28'),(314,'Morena','morena',17,'2022-08-07 11:36:28','2022-08-07 11:36:28'),(315,'Narsinghpur','narsinghpur',17,'2022-08-07 11:36:28','2022-08-07 11:36:28'),(316,'Neemuch','neemuch',17,'2022-08-07 11:36:28','2022-08-07 11:36:28'),(317,'Panna','panna',17,'2022-08-07 11:36:28','2022-08-07 11:36:28'),(318,'Rewa','rewa',17,'2022-08-07 11:36:28','2022-08-07 11:36:28'),(319,'Rajgarh','rajgarh',17,'2022-08-07 11:36:28','2022-08-07 11:36:28'),(320,'Ratlam','ratlam',17,'2022-08-07 11:36:28','2022-08-07 11:36:28'),(321,'Raisen','raisen',17,'2022-08-07 11:36:28','2022-08-07 11:36:28'),(322,'Sagar','sagar',17,'2022-08-07 11:36:28','2022-08-07 11:36:28'),(323,'Satna','satna',17,'2022-08-07 11:36:28','2022-08-07 11:36:28'),(324,'Sehore','sehore',17,'2022-08-07 11:36:28','2022-08-07 11:36:28'),(325,'Seoni','seoni',17,'2022-08-07 11:36:28','2022-08-07 11:36:28'),(326,'Shahdol','shahdol',17,'2022-08-07 11:36:28','2022-08-07 11:36:28'),(327,'Shajapur','shajapur',17,'2022-08-07 11:36:28','2022-08-07 11:36:28'),(328,'Sheopur','sheopur',17,'2022-08-07 11:36:28','2022-08-07 11:36:28'),(329,'Shivpuri','shivpuri',17,'2022-08-07 11:36:28','2022-08-07 11:36:28'),(330,'Sidhi','sidhi',17,'2022-08-07 11:36:28','2022-08-07 11:36:28'),(331,'Singrauli','singrauli',17,'2022-08-07 11:36:28','2022-08-07 11:36:28'),(332,'Tikamgarh','tikamgarh',17,'2022-08-07 11:36:28','2022-08-07 11:36:28'),(333,'Ujjain','ujjain',17,'2022-08-07 11:36:28','2022-08-07 11:36:28'),(334,'Umaria','umaria',17,'2022-08-07 11:36:28','2022-08-07 11:36:28'),(335,'Vidisha','vidisha',17,'2022-08-07 11:36:28','2022-08-07 11:36:28'),(336,'Ahmednagar','ahmednagar',18,'2022-08-07 11:36:28','2022-08-07 11:36:28'),(337,'Akola','akola',18,'2022-08-07 11:36:28','2022-08-07 11:36:28'),(338,'Amravati','amravati',18,'2022-08-07 11:36:28','2022-08-07 11:36:28'),(339,'Aurangabad','aurangabad',18,'2022-08-07 11:36:28','2022-08-07 11:36:28'),(340,'Bhandara','bhandara',18,'2022-08-07 11:36:28','2022-08-07 11:36:28'),(341,'Beed','beed',18,'2022-08-07 11:36:28','2022-08-07 11:36:28'),(342,'Buldhana','buldhana',18,'2022-08-07 11:36:28','2022-08-07 11:36:28'),(343,'Chandrapur','chandrapur',18,'2022-08-07 11:36:28','2022-08-07 11:36:28'),(344,'Dhule','dhule',18,'2022-08-07 11:36:28','2022-08-07 11:36:28'),(345,'Gadchiroli','gadchiroli',18,'2022-08-07 11:36:28','2022-08-07 11:36:28'),(346,'Gondia','gondia',18,'2022-08-07 11:36:28','2022-08-07 11:36:28'),(347,'Hingoli','hingoli',18,'2022-08-07 11:36:28','2022-08-07 11:36:28'),(348,'Jalgaon','jalgaon',18,'2022-08-07 11:36:28','2022-08-07 11:36:28'),(349,'Jalna','jalna',18,'2022-08-07 11:36:28','2022-08-07 11:36:28'),(350,'Kolhapur','kolhapur',18,'2022-08-07 11:36:28','2022-08-07 11:36:28'),(351,'Latur','latur',18,'2022-08-07 11:36:28','2022-08-07 11:36:28'),(352,'Mumbai City','mumbai-city',18,'2022-08-07 11:36:28','2022-08-07 11:36:28'),(353,'Mumbai suburban','mumbai-suburban',18,'2022-08-07 11:36:28','2022-08-07 11:36:28'),(354,'Nandurbar','nandurbar',18,'2022-08-07 11:36:28','2022-08-07 11:36:28'),(355,'Nanded','nanded',18,'2022-08-07 11:36:28','2022-08-07 11:36:28'),(356,'Nagpur','nagpur',18,'2022-08-07 11:36:28','2022-08-07 11:36:28'),(357,'Nashik','nashik',18,'2022-08-07 11:36:28','2022-08-07 11:36:28'),(358,'Osmanabad','osmanabad',18,'2022-08-07 11:36:28','2022-08-07 11:36:28'),(359,'Parbhani','parbhani',18,'2022-08-07 11:36:28','2022-08-07 11:36:28'),(360,'Pune','pune',18,'2022-08-07 11:36:28','2022-08-07 11:36:28'),(361,'Raigad','raigad',18,'2022-08-07 11:36:28','2022-08-07 11:36:28'),(362,'Ratnagiri','ratnagiri',18,'2022-08-07 11:36:28','2022-08-07 11:36:28'),(363,'Sindhudurg','sindhudurg',18,'2022-08-07 11:36:28','2022-08-07 11:36:28'),(364,'Sangli','sangli',18,'2022-08-07 11:36:28','2022-08-07 11:36:28'),(365,'Solapur','solapur',18,'2022-08-07 11:36:28','2022-08-07 11:36:28'),(366,'Satara','satara',18,'2022-08-07 11:36:28','2022-08-07 11:36:28'),(367,'Thane','thane',18,'2022-08-07 11:36:28','2022-08-07 11:36:28'),(368,'Wardha','wardha',18,'2022-08-07 11:36:28','2022-08-07 11:36:28'),(369,'Washim','washim',18,'2022-08-07 11:36:28','2022-08-07 11:36:28'),(370,'Yavatmal','yavatmal',18,'2022-08-07 11:36:28','2022-08-07 11:36:28'),(371,'Bishnupur','bishnupur',19,'2022-08-07 11:36:28','2022-08-07 11:36:28'),(372,'Churachandpur','churachandpur',19,'2022-08-07 11:36:28','2022-08-07 11:36:28'),(373,'Chandel','chandel',19,'2022-08-07 11:36:28','2022-08-07 11:36:28'),(374,'Imphal East','imphal-east',19,'2022-08-07 11:36:28','2022-08-07 11:36:28'),(375,'Senapati','senapati',19,'2022-08-07 11:36:28','2022-08-07 11:36:28'),(376,'Tamenglong','tamenglong',19,'2022-08-07 11:36:28','2022-08-07 11:36:28'),(377,'Thoubal','thoubal',19,'2022-08-07 11:36:28','2022-08-07 11:36:28'),(378,'Ukhrul','ukhrul',19,'2022-08-07 11:36:28','2022-08-07 11:36:28'),(379,'Imphal West','imphal-west',19,'2022-08-07 11:36:28','2022-08-07 11:36:28'),(380,'East Garo Hills','east-garo-hills',20,'2022-08-07 11:36:28','2022-08-07 11:36:28'),(381,'East Khasi Hills','east-khasi-hills',20,'2022-08-07 11:36:28','2022-08-07 11:36:28'),(382,'Jaintia Hills','jaintia-hills',20,'2022-08-07 11:36:28','2022-08-07 11:36:28'),(383,'Ri Bhoi','ri-bhoi',20,'2022-08-07 11:36:28','2022-08-07 11:36:28'),(384,'South Garo Hills','south-garo-hills',20,'2022-08-07 11:36:28','2022-08-07 11:36:28'),(385,'West Garo Hills','west-garo-hills',20,'2022-08-07 11:36:28','2022-08-07 11:36:28'),(386,'West Khasi Hills','west-khasi-hills',20,'2022-08-07 11:36:28','2022-08-07 11:36:28'),(387,'Aizawl','aizawl',21,'2022-08-07 11:36:28','2022-08-07 11:36:28'),(388,'Champhai','champhai',21,'2022-08-07 11:36:28','2022-08-07 11:36:28'),(389,'Kolasib','kolasib',21,'2022-08-07 11:36:28','2022-08-07 11:36:28'),(390,'Lawngtlai','lawngtlai',21,'2022-08-07 11:36:28','2022-08-07 11:36:28'),(391,'Lunglei','lunglei',21,'2022-08-07 11:36:28','2022-08-07 11:36:28'),(392,'Mamit','mamit',21,'2022-08-07 11:36:28','2022-08-07 11:36:28'),(393,'Saiha','saiha',21,'2022-08-07 11:36:28','2022-08-07 11:36:28'),(394,'Serchhip','serchhip',21,'2022-08-07 11:36:28','2022-08-07 11:36:28'),(395,'Dimapur','dimapur',22,'2022-08-07 11:36:28','2022-08-07 11:36:28'),(396,'Kohima','kohima',22,'2022-08-07 11:36:28','2022-08-07 11:36:28'),(397,'Mokokchung','mokokchung',22,'2022-08-07 11:36:28','2022-08-07 11:36:28'),(398,'Mon','mon',22,'2022-08-07 11:36:28','2022-08-07 11:36:28'),(399,'Phek','phek',22,'2022-08-07 11:36:28','2022-08-07 11:36:28'),(400,'Tuensang','tuensang',22,'2022-08-07 11:36:28','2022-08-07 11:36:28'),(401,'Wokha','wokha',22,'2022-08-07 11:36:28','2022-08-07 11:36:28'),(402,'Zunheboto','zunheboto',22,'2022-08-07 11:36:28','2022-08-07 11:36:28'),(403,'Angul','angul',23,'2022-08-07 11:36:28','2022-08-07 11:36:28'),(404,'Boudh (Bauda)','boudh-bauda',23,'2022-08-07 11:36:28','2022-08-07 11:36:28'),(405,'Bhadrak','bhadrak',23,'2022-08-07 11:36:28','2022-08-07 11:36:28'),(406,'Balangir','balangir',23,'2022-08-07 11:36:28','2022-08-07 11:36:28'),(407,'Bargarh (Baragarh)','bargarh-baragarh',23,'2022-08-07 11:36:28','2022-08-07 11:36:28'),(408,'Balasore','balasore',23,'2022-08-07 11:36:28','2022-08-07 11:36:28'),(409,'Cuttack','cuttack',23,'2022-08-07 11:36:28','2022-08-07 11:36:28'),(410,'Debagarh (Deogarh)','debagarh-deogarh',23,'2022-08-07 11:36:28','2022-08-07 11:36:28'),(411,'Dhenkanal','dhenkanal',23,'2022-08-07 11:36:28','2022-08-07 11:36:28'),(412,'Ganjam','ganjam',23,'2022-08-07 11:36:28','2022-08-07 11:36:28'),(413,'Gajapati','gajapati',23,'2022-08-07 11:36:28','2022-08-07 11:36:28'),(414,'Jharsuguda','jharsuguda',23,'2022-08-07 11:36:28','2022-08-07 11:36:28'),(415,'Jajpur','jajpur',23,'2022-08-07 11:36:28','2022-08-07 11:36:28'),(416,'Jagatsinghpur','jagatsinghpur',23,'2022-08-07 11:36:28','2022-08-07 11:36:28'),(417,'Khordha','khordha',23,'2022-08-07 11:36:28','2022-08-07 11:36:28'),(418,'Kendujhar (Keonjhar)','kendujhar-keonjhar',23,'2022-08-07 11:36:28','2022-08-07 11:36:28'),(419,'Kalahandi','kalahandi',23,'2022-08-07 11:36:28','2022-08-07 11:36:28'),(420,'Kandhamal','kandhamal',23,'2022-08-07 11:36:28','2022-08-07 11:36:28'),(421,'Koraput','koraput',23,'2022-08-07 11:36:28','2022-08-07 11:36:28'),(422,'Kendrapara','kendrapara',23,'2022-08-07 11:36:28','2022-08-07 11:36:28'),(423,'Malkangiri','malkangiri',23,'2022-08-07 11:36:28','2022-08-07 11:36:28'),(424,'Mayurbhanj','mayurbhanj',23,'2022-08-07 11:36:28','2022-08-07 11:36:28'),(425,'Nabarangpur','nabarangpur',23,'2022-08-07 11:36:28','2022-08-07 11:36:28'),(426,'Nuapada','nuapada',23,'2022-08-07 11:36:28','2022-08-07 11:36:28'),(427,'Nayagarh','nayagarh',23,'2022-08-07 11:36:28','2022-08-07 11:36:28'),(428,'Puri','puri',23,'2022-08-07 11:36:28','2022-08-07 11:36:28'),(429,'Rayagada','rayagada',23,'2022-08-07 11:36:28','2022-08-07 11:36:28'),(430,'Sambalpur','sambalpur',23,'2022-08-07 11:36:28','2022-08-07 11:36:28'),(431,'Subarnapur (Sonepur)','subarnapur-sonepur',23,'2022-08-07 11:36:28','2022-08-07 11:36:28'),(432,'Sundergarh','sundergarh',23,'2022-08-07 11:36:28','2022-08-07 11:36:28'),(433,'Karaikal','karaikal',24,'2022-08-07 11:36:28','2022-08-07 11:36:28'),(434,'Mahe','mahe',24,'2022-08-07 11:36:28','2022-08-07 11:36:28'),(435,'Pondicherry','pondicherry',24,'2022-08-07 11:36:28','2022-08-07 11:36:28'),(436,'Yanam','yanam',24,'2022-08-07 11:36:28','2022-08-07 11:36:28'),(437,'Amritsar','amritsar',25,'2022-08-07 11:36:28','2022-08-07 11:36:28'),(438,'Barnala','barnala',25,'2022-08-07 11:36:28','2022-08-07 11:36:28'),(439,'Bathinda','bathinda',25,'2022-08-07 11:36:28','2022-08-07 11:36:28'),(440,'Firozpur','firozpur',25,'2022-08-07 11:36:28','2022-08-07 11:36:28'),(441,'Faridkot','faridkot',25,'2022-08-07 11:36:28','2022-08-07 11:36:28'),(442,'Fatehgarh Sahib','fatehgarh-sahib',25,'2022-08-07 11:36:28','2022-08-07 11:36:28'),(443,'Fazilka','fazilka',25,'2022-08-07 11:36:28','2022-08-07 11:36:28'),(444,'Gurdaspur','gurdaspur',25,'2022-08-07 11:36:28','2022-08-07 11:36:28'),(445,'Hoshiarpur','hoshiarpur',25,'2022-08-07 11:36:28','2022-08-07 11:36:28'),(446,'Jalandhar','jalandhar',25,'2022-08-07 11:36:28','2022-08-07 11:36:28'),(447,'Kapurthala','kapurthala',25,'2022-08-07 11:36:28','2022-08-07 11:36:28'),(448,'Ludhiana','ludhiana',25,'2022-08-07 11:36:28','2022-08-07 11:36:28'),(449,'Mansa','mansa',25,'2022-08-07 11:36:28','2022-08-07 11:36:28'),(450,'Moga','moga',25,'2022-08-07 11:36:28','2022-08-07 11:36:28'),(451,'Sri Muktsar Sahib','sri-muktsar-sahib',25,'2022-08-07 11:36:28','2022-08-07 11:36:28'),(452,'Pathankot','pathankot',25,'2022-08-07 11:36:28','2022-08-07 11:36:28'),(453,'Patiala','patiala',25,'2022-08-07 11:36:28','2022-08-07 11:36:28'),(454,'Rupnagar','rupnagar',25,'2022-08-07 11:36:28','2022-08-07 11:36:28'),(455,'Ajitgarh (Mohali)','ajitgarh-mohali',25,'2022-08-07 11:36:28','2022-08-07 11:36:28'),(456,'Sangrur','sangrur',25,'2022-08-07 11:36:28','2022-08-07 11:36:28'),(457,'Nawanshahr','nawanshahr',25,'2022-08-07 11:36:28','2022-08-07 11:36:28'),(458,'Tarn Taran','tarn-taran',25,'2022-08-07 11:36:28','2022-08-07 11:36:28'),(459,'Ajmer','ajmer',26,'2022-08-07 11:36:28','2022-08-07 11:36:28'),(460,'Alwar','alwar',26,'2022-08-07 11:36:28','2022-08-07 11:36:28'),(461,'Bikaner','bikaner',26,'2022-08-07 11:36:28','2022-08-07 11:36:28'),(462,'Barmer','barmer',26,'2022-08-07 11:36:28','2022-08-07 11:36:28'),(463,'Banswara','banswara',26,'2022-08-07 11:36:28','2022-08-07 11:36:28'),(464,'Bharatpur','bharatpur',26,'2022-08-07 11:36:28','2022-08-07 11:36:28'),(465,'Baran','baran',26,'2022-08-07 11:36:28','2022-08-07 11:36:28'),(466,'Bundi','bundi',26,'2022-08-07 11:36:28','2022-08-07 11:36:28'),(467,'Bhilwara','bhilwara',26,'2022-08-07 11:36:28','2022-08-07 11:36:28'),(468,'Churu','churu',26,'2022-08-07 11:36:28','2022-08-07 11:36:28'),(469,'Chittorgarh','chittorgarh',26,'2022-08-07 11:36:28','2022-08-07 11:36:28'),(470,'Dausa','dausa',26,'2022-08-07 11:36:28','2022-08-07 11:36:28'),(471,'Dholpur','dholpur',26,'2022-08-07 11:36:28','2022-08-07 11:36:28'),(472,'Dungapur','dungapur',26,'2022-08-07 11:36:28','2022-08-07 11:36:28'),(473,'Ganganagar','ganganagar',26,'2022-08-07 11:36:28','2022-08-07 11:36:28'),(474,'Hanumangarh','hanumangarh',26,'2022-08-07 11:36:28','2022-08-07 11:36:28'),(475,'Jhunjhunu','jhunjhunu',26,'2022-08-07 11:36:28','2022-08-07 11:36:28'),(476,'Jalore','jalore',26,'2022-08-07 11:36:28','2022-08-07 11:36:28'),(477,'Jodhpur','jodhpur',26,'2022-08-07 11:36:28','2022-08-07 11:36:28'),(478,'Jaipur','jaipur',26,'2022-08-07 11:36:28','2022-08-07 11:36:28'),(479,'Jaisalmer','jaisalmer',26,'2022-08-07 11:36:28','2022-08-07 11:36:28'),(480,'Jhalawar','jhalawar',26,'2022-08-07 11:36:28','2022-08-07 11:36:28'),(481,'Karauli','karauli',26,'2022-08-07 11:36:28','2022-08-07 11:36:28'),(482,'Kota','kota',26,'2022-08-07 11:36:28','2022-08-07 11:36:28'),(483,'Nagaur','nagaur',26,'2022-08-07 11:36:28','2022-08-07 11:36:28'),(484,'Pali','pali',26,'2022-08-07 11:36:28','2022-08-07 11:36:28'),(485,'Pratapgarh','pratapgarh',26,'2022-08-07 11:36:28','2022-08-07 11:36:28'),(486,'Rajsamand','rajsamand',26,'2022-08-07 11:36:28','2022-08-07 11:36:28'),(487,'Sikar','sikar',26,'2022-08-07 11:36:28','2022-08-07 11:36:28'),(488,'Sawai Madhopur','sawai-madhopur',26,'2022-08-07 11:36:28','2022-08-07 11:36:28'),(489,'Sirohi','sirohi',26,'2022-08-07 11:36:28','2022-08-07 11:36:28'),(490,'Tonk','tonk',26,'2022-08-07 11:36:28','2022-08-07 11:36:28'),(491,'Udaipur','udaipur',26,'2022-08-07 11:36:28','2022-08-07 11:36:28'),(492,'East Sikkim','east-sikkim',27,'2022-08-07 11:36:28','2022-08-07 11:36:28'),(493,'North Sikkim','north-sikkim',27,'2022-08-07 11:36:28','2022-08-07 11:36:28'),(494,'South Sikkim','south-sikkim',27,'2022-08-07 11:36:28','2022-08-07 11:36:28'),(495,'West Sikkim','west-sikkim',27,'2022-08-07 11:36:28','2022-08-07 11:36:28'),(496,'Ariyalur','ariyalur',28,'2022-08-07 11:36:28','2022-08-07 11:36:28'),(497,'Chennai','chennai',28,'2022-08-07 11:36:28','2022-08-07 11:36:28'),(498,'Coimbatore','coimbatore',28,'2022-08-07 11:36:28','2022-08-07 11:36:28'),(499,'Cuddalore','cuddalore',28,'2022-08-07 11:36:28','2022-08-07 11:36:28'),(500,'Dharmapuri','dharmapuri',28,'2022-08-07 11:36:28','2022-08-07 11:36:28'),(501,'Dindigul','dindigul',28,'2022-08-07 11:36:28','2022-08-07 11:36:28'),(502,'Erode','erode',28,'2022-08-07 11:36:28','2022-08-07 11:36:28'),(503,'Kanchipuram','kanchipuram',28,'2022-08-07 11:36:28','2022-08-07 11:36:28'),(504,'Kanyakumari','kanyakumari',28,'2022-08-07 11:36:28','2022-08-07 11:36:28'),(505,'Karur','karur',28,'2022-08-07 11:36:28','2022-08-07 11:36:28'),(506,'Madurai','madurai',28,'2022-08-07 11:36:28','2022-08-07 11:36:28'),(507,'Nagapattinam','nagapattinam',28,'2022-08-07 11:36:28','2022-08-07 11:36:28'),(508,'Nilgiris','nilgiris',28,'2022-08-07 11:36:28','2022-08-07 11:36:28'),(509,'Namakkal','namakkal',28,'2022-08-07 11:36:28','2022-08-07 11:36:28'),(510,'Perambalur','perambalur',28,'2022-08-07 11:36:28','2022-08-07 11:36:28'),(511,'Pudukkottai','pudukkottai',28,'2022-08-07 11:36:28','2022-08-07 11:36:28'),(512,'Ramanathapuram','ramanathapuram',28,'2022-08-07 11:36:28','2022-08-07 11:36:28'),(513,'Salem','salem',28,'2022-08-07 11:36:28','2022-08-07 11:36:28'),(514,'Sivaganga','sivaganga',28,'2022-08-07 11:36:28','2022-08-07 11:36:28'),(515,'Tirupur','tirupur',28,'2022-08-07 11:36:28','2022-08-07 11:36:28'),(516,'Tiruchirappalli','tiruchirappalli',28,'2022-08-07 11:36:28','2022-08-07 11:36:28'),(517,'Theni','theni',28,'2022-08-07 11:36:28','2022-08-07 11:36:28'),(518,'Tirunelveli','tirunelveli',28,'2022-08-07 11:36:28','2022-08-07 11:36:28'),(519,'Thanjavur','thanjavur',28,'2022-08-07 11:36:28','2022-08-07 11:36:28'),(520,'Thoothukudi','thoothukudi',28,'2022-08-07 11:36:28','2022-08-07 11:36:28'),(521,'Tiruvallur','tiruvallur',28,'2022-08-07 11:36:28','2022-08-07 11:36:28'),(522,'Tiruvarur','tiruvarur',28,'2022-08-07 11:36:28','2022-08-07 11:36:28'),(523,'Tiruvannamalai','tiruvannamalai',28,'2022-08-07 11:36:28','2022-08-07 11:36:28'),(524,'Vellore','vellore',28,'2022-08-07 11:36:28','2022-08-07 11:36:28'),(525,'Viluppuram','viluppuram',28,'2022-08-07 11:36:28','2022-08-07 11:36:28'),(526,'Virudhunagar','virudhunagar',28,'2022-08-07 11:36:28','2022-08-07 11:36:28'),(527,'Dhalai','dhalai',29,'2022-08-07 11:36:28','2022-08-07 11:36:28'),(528,'North Tripura','north-tripura',29,'2022-08-07 11:36:28','2022-08-07 11:36:28'),(529,'South Tripura','south-tripura',29,'2022-08-07 11:36:28','2022-08-07 11:36:28'),(530,'Khowai','khowai',29,'2022-08-07 11:36:28','2022-08-07 11:36:28'),(531,'West Tripura','west-tripura',29,'2022-08-07 11:36:28','2022-08-07 11:36:28'),(532,'Agra','agra',30,'2022-08-07 11:36:28','2022-08-07 11:36:28'),(533,'Allahabad','allahabad',30,'2022-08-07 11:36:28','2022-08-07 11:36:28'),(534,'Aligarh','aligarh',30,'2022-08-07 11:36:28','2022-08-07 11:36:28'),(535,'Ambedkar Nagar','ambedkar-nagar',30,'2022-08-07 11:36:28','2022-08-07 11:36:28'),(536,'Auraiya','auraiya',30,'2022-08-07 11:36:28','2022-08-07 11:36:28'),(537,'Azamgarh','azamgarh',30,'2022-08-07 11:36:28','2022-08-07 11:36:28'),(538,'Barabanki','barabanki',30,'2022-08-07 11:36:28','2022-08-07 11:36:28'),(539,'Budaun','budaun',30,'2022-08-07 11:36:28','2022-08-07 11:36:28'),(540,'Bagpat','bagpat',30,'2022-08-07 11:36:28','2022-08-07 11:36:28'),(541,'Bahraich','bahraich',30,'2022-08-07 11:36:28','2022-08-07 11:36:28'),(542,'Bijnor','bijnor',30,'2022-08-07 11:36:28','2022-08-07 11:36:28'),(543,'Ballia','ballia',30,'2022-08-07 11:36:28','2022-08-07 11:36:28'),(544,'Banda','banda',30,'2022-08-07 11:36:28','2022-08-07 11:36:28'),(545,'Balrampur','balrampur',30,'2022-08-07 11:36:28','2022-08-07 11:36:28'),(546,'Bareilly','bareilly',30,'2022-08-07 11:36:28','2022-08-07 11:36:28'),(547,'Basti','basti',30,'2022-08-07 11:36:28','2022-08-07 11:36:28'),(548,'Bulandshahr','bulandshahr',30,'2022-08-07 11:36:28','2022-08-07 11:36:28'),(549,'Chandauli','chandauli',30,'2022-08-07 11:36:28','2022-08-07 11:36:28'),(550,'Chhatrapati Shahuji Maharaj Nagar','chhatrapati-shahuji-maharaj-nagar',30,'2022-08-07 11:36:28','2022-08-07 11:36:28'),(551,'Chitrakoot','chitrakoot',30,'2022-08-07 11:36:28','2022-08-07 11:36:28'),(552,'Deoria','deoria',30,'2022-08-07 11:36:28','2022-08-07 11:36:28'),(553,'Etah','etah',30,'2022-08-07 11:36:28','2022-08-07 11:36:28'),(554,'Kanshi Ram Nagar','kanshi-ram-nagar',30,'2022-08-07 11:36:28','2022-08-07 11:36:28'),(555,'Etawah','etawah',30,'2022-08-07 11:36:28','2022-08-07 11:36:28'),(556,'Firozabad','firozabad',30,'2022-08-07 11:36:28','2022-08-07 11:36:28'),(557,'Farrukhabad','farrukhabad',30,'2022-08-07 11:36:28','2022-08-07 11:36:28'),(558,'Fatehpur','fatehpur',30,'2022-08-07 11:36:28','2022-08-07 11:36:28'),(559,'Faizabad','faizabad',30,'2022-08-07 11:36:28','2022-08-07 11:36:28'),(560,'Gautam Buddh Nagar','gautam-buddh-nagar',30,'2022-08-07 11:36:28','2022-08-07 11:36:28'),(561,'Gonda','gonda',30,'2022-08-07 11:36:28','2022-08-07 11:36:28'),(562,'Ghazipur','ghazipur',30,'2022-08-07 11:36:28','2022-08-07 11:36:28'),(563,'Gorakhpur','gorakhpur',30,'2022-08-07 11:36:28','2022-08-07 11:36:28'),(564,'Ghaziabad','ghaziabad',30,'2022-08-07 11:36:28','2022-08-07 11:36:28'),(565,'Hamirpur','hamirpur',30,'2022-08-07 11:36:28','2022-08-07 11:36:28'),(566,'Hardoi','hardoi',30,'2022-08-07 11:36:28','2022-08-07 11:36:28'),(567,'Mahamaya Nagar','mahamaya-nagar',30,'2022-08-07 11:36:28','2022-08-07 11:36:28'),(568,'Jhansi','jhansi',30,'2022-08-07 11:36:28','2022-08-07 11:36:28'),(569,'Jalaun','jalaun',30,'2022-08-07 11:36:28','2022-08-07 11:36:28'),(570,'Jyotiba Phule Nagar','jyotiba-phule-nagar',30,'2022-08-07 11:36:28','2022-08-07 11:36:28'),(571,'Jaunpur district','jaunpur-district',30,'2022-08-07 11:36:28','2022-08-07 11:36:28'),(572,'Ramabai Nagar (Kanpur Dehat)','ramabai-nagar-kanpur-dehat',30,'2022-08-07 11:36:28','2022-08-07 11:36:28'),(573,'Kannauj','kannauj',30,'2022-08-07 11:36:28','2022-08-07 11:36:28'),(574,'Kanpur','kanpur',30,'2022-08-07 11:36:28','2022-08-07 11:36:28'),(575,'Kaushambi','kaushambi',30,'2022-08-07 11:36:28','2022-08-07 11:36:28'),(576,'Kushinagar','kushinagar',30,'2022-08-07 11:36:28','2022-08-07 11:36:28'),(577,'Lalitpur','lalitpur',30,'2022-08-07 11:36:28','2022-08-07 11:36:28'),(578,'Lakhimpur Kheri','lakhimpur-kheri',30,'2022-08-07 11:36:28','2022-08-07 11:36:28'),(579,'Lucknow','lucknow',30,'2022-08-07 11:36:28','2022-08-07 11:36:28'),(580,'Mau','mau',30,'2022-08-07 11:36:28','2022-08-07 11:36:28'),(581,'Meerut','meerut',30,'2022-08-07 11:36:28','2022-08-07 11:36:28'),(582,'Maharajganj','maharajganj',30,'2022-08-07 11:36:28','2022-08-07 11:36:28'),(583,'Mahoba','mahoba',30,'2022-08-07 11:36:28','2022-08-07 11:36:28'),(584,'Mirzapur','mirzapur',30,'2022-08-07 11:36:29','2022-08-07 11:36:29'),(585,'Moradabad','moradabad',30,'2022-08-07 11:36:29','2022-08-07 11:36:29'),(586,'Mainpuri','mainpuri',30,'2022-08-07 11:36:29','2022-08-07 11:36:29'),(587,'Mathura','mathura',30,'2022-08-07 11:36:29','2022-08-07 11:36:29'),(588,'Muzaffarnagar','muzaffarnagar',30,'2022-08-07 11:36:29','2022-08-07 11:36:29'),(589,'Panchsheel Nagar district (Hapur)','panchsheel-nagar-district-hapur',30,'2022-08-07 11:36:29','2022-08-07 11:36:29'),(590,'Pilibhit','pilibhit',30,'2022-08-07 11:36:29','2022-08-07 11:36:29'),(591,'Shamli','shamli',30,'2022-08-07 11:36:29','2022-08-07 11:36:29'),(592,'Pratapgarh','pratapgarh',30,'2022-08-07 11:36:29','2022-08-07 11:36:29'),(593,'Rampur','rampur',30,'2022-08-07 11:36:29','2022-08-07 11:36:29'),(594,'Raebareli','raebareli',30,'2022-08-07 11:36:29','2022-08-07 11:36:29'),(595,'Saharanpur','saharanpur',30,'2022-08-07 11:36:29','2022-08-07 11:36:29'),(596,'Sitapur','sitapur',30,'2022-08-07 11:36:29','2022-08-07 11:36:29'),(597,'Shahjahanpur','shahjahanpur',30,'2022-08-07 11:36:29','2022-08-07 11:36:29'),(598,'Sant Kabir Nagar','sant-kabir-nagar',30,'2022-08-07 11:36:29','2022-08-07 11:36:29'),(599,'Siddharthnagar','siddharthnagar',30,'2022-08-07 11:36:29','2022-08-07 11:36:29'),(600,'Sonbhadra','sonbhadra',30,'2022-08-07 11:36:29','2022-08-07 11:36:29'),(601,'Sant Ravidas Nagar','sant-ravidas-nagar',30,'2022-08-07 11:36:29','2022-08-07 11:36:29'),(602,'Sultanpur','sultanpur',30,'2022-08-07 11:36:29','2022-08-07 11:36:29'),(603,'Shravasti','shravasti',30,'2022-08-07 11:36:29','2022-08-07 11:36:29'),(604,'Unnao','unnao',30,'2022-08-07 11:36:29','2022-08-07 11:36:29'),(605,'Varanasi','varanasi',30,'2022-08-07 11:36:29','2022-08-07 11:36:29'),(606,'Almora','almora',31,'2022-08-07 11:36:29','2022-08-07 11:36:29'),(607,'Bageshwar','bageshwar',31,'2022-08-07 11:36:29','2022-08-07 11:36:29'),(608,'Chamoli','chamoli',31,'2022-08-07 11:36:29','2022-08-07 11:36:29'),(609,'Champawat','champawat',31,'2022-08-07 11:36:29','2022-08-07 11:36:29'),(610,'Dehradun','dehradun',31,'2022-08-07 11:36:29','2022-08-07 11:36:29'),(611,'Haridwar','haridwar',31,'2022-08-07 11:36:29','2022-08-07 11:36:29'),(612,'Nainital','nainital',31,'2022-08-07 11:36:29','2022-08-07 11:36:29'),(613,'Pauri Garhwal','pauri-garhwal',31,'2022-08-07 11:36:29','2022-08-07 11:36:29'),(614,'Pithoragarh','pithoragarh',31,'2022-08-07 11:36:29','2022-08-07 11:36:29'),(615,'Rudraprayag','rudraprayag',31,'2022-08-07 11:36:29','2022-08-07 11:36:29'),(616,'Tehri Garhwal','tehri-garhwal',31,'2022-08-07 11:36:29','2022-08-07 11:36:29'),(617,'Udham Singh Nagar','udham-singh-nagar',31,'2022-08-07 11:36:29','2022-08-07 11:36:29'),(618,'Uttarkashi','uttarkashi',31,'2022-08-07 11:36:29','2022-08-07 11:36:29'),(619,'Birbhum','birbhum',32,'2022-08-07 11:36:29','2022-08-07 11:36:29'),(620,'Bankura','bankura',32,'2022-08-07 11:36:29','2022-08-07 11:36:29'),(621,'Bardhaman','bardhaman',32,'2022-08-07 11:36:29','2022-08-07 11:36:29'),(622,'Darjeeling','darjeeling',32,'2022-08-07 11:36:29','2022-08-07 11:36:29'),(623,'Dakshin Dinajpur','dakshin-dinajpur',32,'2022-08-07 11:36:29','2022-08-07 11:36:29'),(624,'Hooghly','hooghly',32,'2022-08-07 11:36:29','2022-08-07 11:36:29'),(625,'Howrah','howrah',32,'2022-08-07 11:36:29','2022-08-07 11:36:29'),(626,'Jalpaiguri','jalpaiguri',32,'2022-08-07 11:36:29','2022-08-07 11:36:29'),(627,'Cooch Behar','cooch-behar',32,'2022-08-07 11:36:29','2022-08-07 11:36:29'),(628,'Kolkata','kolkata',32,'2022-08-07 11:36:29','2022-08-07 11:36:29'),(629,'Maldah','maldah',32,'2022-08-07 11:36:29','2022-08-07 11:36:29'),(630,'Paschim Medinipur','paschim-medinipur',32,'2022-08-07 11:36:29','2022-08-07 11:36:29'),(631,'Purba Medinipur','purba-medinipur',32,'2022-08-07 11:36:29','2022-08-07 11:36:29'),(632,'Murshidabad','murshidabad',32,'2022-08-07 11:36:29','2022-08-07 11:36:29'),(633,'Nadia','nadia',32,'2022-08-07 11:36:29','2022-08-07 11:36:29'),(634,'North 24 Parganas','north-24-parganas',32,'2022-08-07 11:36:29','2022-08-07 11:36:29'),(635,'South 24 Parganas','south-24-parganas',32,'2022-08-07 11:36:29','2022-08-07 11:36:29'),(636,'Purulia','purulia',32,'2022-08-07 11:36:29','2022-08-07 11:36:29'),(637,'Uttar Dinajpur','uttar-dinajpur',32,'2022-08-07 11:36:29','2022-08-07 11:36:29');
/*!40000 ALTER TABLE `cities` ENABLE KEYS */;
UNLOCK TABLES;

--
-- Table structure for table `countries`
--

DROP TABLE IF EXISTS `countries`;
/*!40101 SET @saved_cs_client     = @@character_set_client */;
/*!40101 SET character_set_client = utf8 */;
CREATE TABLE `countries` (
  `id` bigint(20) unsigned NOT NULL AUTO_INCREMENT,
  `name` varchar(255) COLLATE utf8mb4_unicode_ci DEFAULT NULL,
  `slug` varchar(255) COLLATE utf8mb4_unicode_ci DEFAULT NULL,
  `created_at` timestamp NULL DEFAULT NULL,
  `updated_at` timestamp NULL DEFAULT NULL,
  PRIMARY KEY (`id`)
) ENGINE=InnoDB AUTO_INCREMENT=2 DEFAULT CHARSET=utf8mb4 COLLATE=utf8mb4_unicode_ci;
/*!40101 SET character_set_client = @saved_cs_client */;

--
-- Dumping data for table `countries`
--

LOCK TABLES `countries` WRITE;
/*!40000 ALTER TABLE `countries` DISABLE KEYS */;
INSERT INTO `countries` VALUES (1,'India','india',NULL,NULL);
/*!40000 ALTER TABLE `countries` ENABLE KEYS */;
UNLOCK TABLES;

--
-- Table structure for table `deliveries`
--

DROP TABLE IF EXISTS `deliveries`;
/*!40101 SET @saved_cs_client     = @@character_set_client */;
/*!40101 SET character_set_client = utf8 */;
CREATE TABLE `deliveries` (
  `id` bigint(20) unsigned NOT NULL AUTO_INCREMENT,
  `status` enum('C','NS','ND','OD','DL') COLLATE utf8mb4_unicode_ci DEFAULT 'ND',
  `name` varchar(255) COLLATE utf8mb4_unicode_ci DEFAULT 'Not Delivered',
  `slug` varchar(255) COLLATE utf8mb4_unicode_ci DEFAULT 'not-delivered',
  `date` date DEFAULT NULL,
  `order_id` bigint(20) unsigned NOT NULL,
  `user_id` bigint(20) unsigned NOT NULL,
  `created_at` timestamp NULL DEFAULT NULL,
  `updated_at` timestamp NULL DEFAULT NULL,
  PRIMARY KEY (`id`),
  KEY `deliveries_order_id_foreign` (`order_id`),
  KEY `deliveries_user_id_foreign` (`user_id`),
  CONSTRAINT `deliveries_order_id_foreign` FOREIGN KEY (`order_id`) REFERENCES `orders` (`id`) ON DELETE CASCADE ON UPDATE CASCADE,
  CONSTRAINT `deliveries_user_id_foreign` FOREIGN KEY (`user_id`) REFERENCES `users` (`id`) ON DELETE CASCADE ON UPDATE CASCADE
) ENGINE=InnoDB AUTO_INCREMENT=23 DEFAULT CHARSET=utf8mb4 COLLATE=utf8mb4_unicode_ci;
/*!40101 SET character_set_client = @saved_cs_client */;

--
-- Dumping data for table `deliveries`
--

LOCK TABLES `deliveries` WRITE;
/*!40000 ALTER TABLE `deliveries` DISABLE KEYS */;
INSERT INTO `deliveries` VALUES (1,'NS','Not Shipped','not-Shipped','2022-09-14',1,1,'2022-08-08 11:42:20','2022-09-05 12:53:37'),(2,'ND','Not Delivered','not-delivered',NULL,2,1,'2022-08-11 05:30:06','2022-08-11 05:30:06'),(4,'ND','Not Delivered','not-delivered',NULL,4,1,'2022-08-11 07:25:37','2022-08-11 07:25:37'),(5,'ND','Not Delivered','not-delivered',NULL,5,1,'2022-08-15 03:44:25','2022-08-15 03:44:25'),(7,'DL','Delivered','delivered','2022-09-07',7,1,'2022-08-26 00:17:45','2022-09-05 12:53:02'),(9,'ND','Not Delivered','not-delivered',NULL,10,1,'2022-09-10 03:31:27','2022-09-10 03:31:27'),(11,'ND','Not Delivered','not-delivered',NULL,12,1,'2022-09-10 13:36:44','2022-09-10 13:36:44'),(12,'ND','Not Delivered','not-delivered',NULL,13,1,'2022-09-10 13:37:32','2022-09-10 13:37:32'),(13,'ND','Not Delivered','not-delivered',NULL,14,3,'2022-09-10 13:46:56','2022-09-10 13:46:56'),(14,'ND','Not Delivered','not-delivered',NULL,15,3,'2022-09-10 13:48:08','2022-09-10 13:48:08'),(15,'ND','Not Delivered','not-delivered',NULL,16,3,'2022-09-10 14:00:03','2022-09-10 14:00:03'),(16,'ND','Not Delivered','not-delivered',NULL,17,3,'2022-09-10 14:02:48','2022-09-10 14:02:48'),(17,'ND','Not Delivered','not-delivered',NULL,18,3,'2022-09-10 14:02:53','2022-09-10 14:02:53'),(18,'ND','Not Delivered','not-delivered',NULL,19,1,'2022-09-10 14:04:35','2022-09-10 14:04:35'),(19,'ND','Not Delivered','not-delivered',NULL,20,1,'2022-09-10 14:04:44','2022-09-10 14:04:44'),(20,'ND','Not Delivered','not-delivered',NULL,21,3,'2022-09-10 14:23:54','2022-09-10 14:23:54'),(21,'ND','Not Delivered','not-delivered',NULL,22,3,'2022-09-15 01:46:40','2022-09-15 01:46:40'),(22,'ND','Not Delivered','not-delivered',NULL,23,3,'2022-09-15 01:55:28','2022-09-15 01:55:28');
/*!40000 ALTER TABLE `deliveries` ENABLE KEYS */;
UNLOCK TABLES;

--
-- Table structure for table `delivery_addresses`
--

DROP TABLE IF EXISTS `delivery_addresses`;
/*!40101 SET @saved_cs_client     = @@character_set_client */;
/*!40101 SET character_set_client = utf8 */;
CREATE TABLE `delivery_addresses` (
  `id` bigint(20) unsigned NOT NULL AUTO_INCREMENT,
  `fname` varchar(255) COLLATE utf8mb4_unicode_ci DEFAULT NULL,
  `lname` varchar(255) COLLATE utf8mb4_unicode_ci DEFAULT NULL,
  `number` varchar(10) COLLATE utf8mb4_unicode_ci DEFAULT NULL,
  `street` text COLLATE utf8mb4_unicode_ci DEFAULT NULL,
  `locality` text COLLATE utf8mb4_unicode_ci DEFAULT NULL,
  `city_id` int(11) DEFAULT NULL,
  `state_id` int(11) DEFAULT NULL,
  `country_id` int(11) DEFAULT NULL,
  `pincode` varchar(6) COLLATE utf8mb4_unicode_ci DEFAULT NULL,
  `delivery_id` bigint(20) unsigned NOT NULL,
  `created_at` timestamp NULL DEFAULT NULL,
  `updated_at` timestamp NULL DEFAULT NULL,
  PRIMARY KEY (`id`),
  KEY `delivery_addresses_delivery_id_foreign` (`delivery_id`),
  CONSTRAINT `delivery_addresses_delivery_id_foreign` FOREIGN KEY (`delivery_id`) REFERENCES `deliveries` (`id`) ON DELETE CASCADE ON UPDATE CASCADE
) ENGINE=InnoDB AUTO_INCREMENT=16 DEFAULT CHARSET=utf8mb4 COLLATE=utf8mb4_unicode_ci;
/*!40101 SET character_set_client = @saved_cs_client */;

--
-- Dumping data for table `delivery_addresses`
--

LOCK TABLES `delivery_addresses` WRITE;
/*!40000 ALTER TABLE `delivery_addresses` DISABLE KEYS */;
INSERT INTO `delivery_addresses` VALUES (1,'Akhil','Jaiswar','9833058442','DBN','Wadala',242,18,1,'400037',1,'2022-08-08 11:42:20','2022-08-08 11:42:20'),(2,'Akhil','Jaiswar','9833058442','DBN','Wadala',352,18,1,'400037',2,'2022-08-11 05:30:06','2022-08-11 05:30:06'),(3,'Akhil','Jaiswar','9833058442','DBN','Wadala',352,18,1,'400037',4,'2022-08-11 07:25:37','2022-08-11 07:25:37'),(4,'Akhil','Jaiswar','9833058442','DBN',NULL,352,18,1,'400037',5,'2022-08-15 03:44:25','2022-08-15 03:44:25'),(6,'Akhil','Jaiswar','9833058442','DBN','Wadala',352,18,1,'400037',7,'2022-08-26 00:17:45','2022-08-26 00:17:45'),(7,'Akhil','Jaiswar','9833058442','DBN','Wadala',352,18,1,'400037',9,'2022-09-10 03:31:27','2022-09-10 03:31:27'),(8,'Akhil','Jaiswar','9833058442','DBN','Wadala',352,18,1,'400037',12,'2022-09-10 13:37:32','2022-09-10 13:37:32'),(9,'Akhil 2','Jaiswar','9833058442','Worli','Seaface',352,18,1,'400032',13,'2022-09-10 13:46:56','2022-09-10 13:46:56'),(10,'Akhil 2','Jaiswar','9833058442','Worli','Seaface',352,18,1,'400037',15,'2022-09-10 14:00:03','2022-09-10 14:00:03'),(11,'Akhil 2','Jaiswar','9833058442','Worli','Seaface',352,18,1,'400037',17,'2022-09-10 14:02:53','2022-09-10 14:02:53'),(12,'Akhil','Jaiswar','9833058442','DBN','Wadala',352,18,1,'400037',19,'2022-09-10 14:04:44','2022-09-10 14:04:44'),(13,'Akhil 2','Jaiswar','9833058442','Worli','Seaface',352,18,1,'400037',20,'2022-09-10 14:23:54','2022-09-10 14:23:54'),(14,'Akhil 2','Jaiswar','9833058442','Worli','Seaface',352,18,1,'400037',21,'2022-09-15 01:46:40','2022-09-15 01:46:40'),(15,'Akhil 2','Jaiswar','9833058442','Worli','Seaface',352,18,1,'400037',22,'2022-09-15 01:55:28','2022-09-15 01:55:28');
/*!40000 ALTER TABLE `delivery_addresses` ENABLE KEYS */;
UNLOCK TABLES;

--
-- Table structure for table `failed_jobs`
--

DROP TABLE IF EXISTS `failed_jobs`;
/*!40101 SET @saved_cs_client     = @@character_set_client */;
/*!40101 SET character_set_client = utf8 */;
CREATE TABLE `failed_jobs` (
  `id` bigint(20) unsigned NOT NULL AUTO_INCREMENT,
  `uuid` varchar(255) COLLATE utf8mb4_unicode_ci NOT NULL,
  `connection` text COLLATE utf8mb4_unicode_ci NOT NULL,
  `queue` text COLLATE utf8mb4_unicode_ci NOT NULL,
  `payload` longtext COLLATE utf8mb4_unicode_ci NOT NULL,
  `exception` longtext COLLATE utf8mb4_unicode_ci NOT NULL,
  `failed_at` timestamp NOT NULL DEFAULT current_timestamp(),
  PRIMARY KEY (`id`),
  UNIQUE KEY `failed_jobs_uuid_unique` (`uuid`)
) ENGINE=InnoDB DEFAULT CHARSET=utf8mb4 COLLATE=utf8mb4_unicode_ci;
/*!40101 SET character_set_client = @saved_cs_client */;

--
-- Dumping data for table `failed_jobs`
--

LOCK TABLES `failed_jobs` WRITE;
/*!40000 ALTER TABLE `failed_jobs` DISABLE KEYS */;
/*!40000 ALTER TABLE `failed_jobs` ENABLE KEYS */;
UNLOCK TABLES;

--
-- Table structure for table `invoices`
--

DROP TABLE IF EXISTS `invoices`;
/*!40101 SET @saved_cs_client     = @@character_set_client */;
/*!40101 SET character_set_client = utf8 */;
CREATE TABLE `invoices` (
  `id` bigint(20) unsigned NOT NULL AUTO_INCREMENT,
  `method` enum('UPI','CARD','NETBANK','COD') COLLATE utf8mb4_unicode_ci DEFAULT 'COD',
  `total` int(11) DEFAULT NULL,
  `payment_id` bigint(20) unsigned NOT NULL,
  `order_id` bigint(20) unsigned NOT NULL,
  `user_id` bigint(20) unsigned NOT NULL,
  `created_at` timestamp NULL DEFAULT NULL,
  `updated_at` timestamp NULL DEFAULT NULL,
  PRIMARY KEY (`id`),
  KEY `invoices_payment_id_foreign` (`payment_id`),
  KEY `invoices_order_id_foreign` (`order_id`),
  KEY `invoices_user_id_foreign` (`user_id`),
  CONSTRAINT `invoices_order_id_foreign` FOREIGN KEY (`order_id`) REFERENCES `orders` (`id`) ON DELETE CASCADE ON UPDATE CASCADE,
  CONSTRAINT `invoices_payment_id_foreign` FOREIGN KEY (`payment_id`) REFERENCES `payments` (`id`) ON DELETE CASCADE ON UPDATE CASCADE,
  CONSTRAINT `invoices_user_id_foreign` FOREIGN KEY (`user_id`) REFERENCES `users` (`id`) ON DELETE CASCADE ON UPDATE CASCADE
) ENGINE=InnoDB AUTO_INCREMENT=22 DEFAULT CHARSET=utf8mb4 COLLATE=utf8mb4_unicode_ci;
/*!40101 SET character_set_client = @saved_cs_client */;

--
-- Dumping data for table `invoices`
--

LOCK TABLES `invoices` WRITE;
/*!40000 ALTER TABLE `invoices` DISABLE KEYS */;
INSERT INTO `invoices` VALUES (1,'UPI',500,1,1,1,'2022-08-08 11:42:20','2022-08-08 11:42:20'),(2,'',500,2,2,1,'2022-08-11 05:30:06','2022-08-11 05:30:06'),(4,'COD',140,4,4,1,'2022-08-11 07:25:37','2022-08-11 07:25:37'),(5,'',240,5,5,1,'2022-08-15 03:44:25','2022-08-15 03:44:25'),(7,'COD',548,7,7,1,'2022-08-26 00:17:45','2022-08-26 00:17:45'),(8,'CARD',239,9,10,1,'2022-09-10 03:31:27','2022-09-10 03:31:27'),(10,'UPI',150000,11,12,1,'2022-09-10 13:36:44','2022-09-10 13:36:44'),(11,'UPI',150000,12,13,1,'2022-09-10 13:37:32','2022-09-10 13:37:32'),(12,'UPI',150149,13,14,3,'2022-09-10 13:46:56','2022-09-10 13:46:56'),(13,'COD',150000,14,15,3,'2022-09-10 13:48:08','2022-09-10 13:48:08'),(14,'UPI',150000,15,16,3,'2022-09-10 14:00:03','2022-09-10 14:00:03'),(15,'COD',150000,16,17,3,'2022-09-10 14:02:49','2022-09-10 14:02:49'),(16,'COD',150000,17,18,3,'2022-09-10 14:02:53','2022-09-10 14:02:53'),(17,'UPI',140,18,19,1,'2022-09-10 14:04:35','2022-09-10 14:04:35'),(18,'UPI',140,19,20,1,'2022-09-10 14:04:44','2022-09-10 14:04:44'),(19,'UPI',12099,20,21,3,'2022-09-10 14:23:54','2022-09-10 14:23:54'),(20,'CARD',500,21,22,3,'2022-09-15 01:46:40','2022-09-15 01:46:40'),(21,'CARD',500,22,23,3,'2022-09-15 01:55:28','2022-09-15 01:55:28');
/*!40000 ALTER TABLE `invoices` ENABLE KEYS */;
UNLOCK TABLES;

--
-- Table structure for table `migrations`
--

DROP TABLE IF EXISTS `migrations`;
/*!40101 SET @saved_cs_client     = @@character_set_client */;
/*!40101 SET character_set_client = utf8 */;
CREATE TABLE `migrations` (
  `id` int(10) unsigned NOT NULL AUTO_INCREMENT,
  `migration` varchar(255) COLLATE utf8mb4_unicode_ci NOT NULL,
  `batch` int(11) NOT NULL,
  PRIMARY KEY (`id`)
) ENGINE=InnoDB AUTO_INCREMENT=21 DEFAULT CHARSET=utf8mb4 COLLATE=utf8mb4_unicode_ci;
/*!40101 SET character_set_client = @saved_cs_client */;

--
-- Dumping data for table `migrations`
--

LOCK TABLES `migrations` WRITE;
/*!40000 ALTER TABLE `migrations` DISABLE KEYS */;
INSERT INTO `migrations` VALUES (1,'2014_10_12_000000_create_users_table',1),(2,'2014_10_12_100000_create_password_resets_table',1),(3,'2019_08_19_000000_create_failed_jobs_table',1),(4,'2019_12_14_000001_create_personal_access_tokens_table',1),(5,'2022_07_31_050355_create_sellers_table',1),(6,'2022_07_31_051654_create_categories_table',1),(7,'2022_07_31_051741_create_products_table',1),(8,'2022_08_06_031824_create_carts_table',1),(9,'2022_08_07_165758_create_countries_table',2),(10,'2022_08_07_165833_create_states_table',2),(11,'2022_08_07_165900_create_cities_table',2),(12,'2022_08_08_124608_create_orders_table',3),(13,'2022_08_08_133642_create_shippings_table',3),(14,'2022_08_08_133729_create_deliveries_table',3),(15,'2022_08_08_133749_create_payments_table',3),(16,'2022_08_08_133825_create_invoices_table',3),(17,'2022_08_08_144907_create_order_details_table',3),(18,'2022_08_08_150328_create_delivery_addresses_table',3),(19,'2022_08_08_151031_create_user_addresses_table',3),(20,'2022_08_28_080258_create_statuses_table',4);
/*!40000 ALTER TABLE `migrations` ENABLE KEYS */;
UNLOCK TABLES;

--
-- Table structure for table `order_details`
--

DROP TABLE IF EXISTS `order_details`;
/*!40101 SET @saved_cs_client     = @@character_set_client */;
/*!40101 SET character_set_client = utf8 */;
CREATE TABLE `order_details` (
  `id` bigint(20) unsigned NOT NULL AUTO_INCREMENT,
  `product_id` bigint(20) unsigned NOT NULL,
  `pname` varchar(255) COLLATE utf8mb4_unicode_ci DEFAULT NULL,
  `price` int(11) DEFAULT NULL,
  `quantity` int(11) DEFAULT NULL,
  `product_total` int(11) DEFAULT NULL,
  `order_id` bigint(20) unsigned NOT NULL,
  `user_id` bigint(20) unsigned NOT NULL,
  `shipping_id` bigint(20) unsigned NOT NULL,
  `delivery_id` bigint(20) unsigned NOT NULL,
  `payment_id` bigint(20) unsigned NOT NULL,
  `invoice_id` bigint(20) unsigned NOT NULL,
  `created_at` timestamp NULL DEFAULT NULL,
  `updated_at` timestamp NULL DEFAULT NULL,
  PRIMARY KEY (`id`),
  KEY `order_details_product_id_foreign` (`product_id`),
  KEY `order_details_order_id_foreign` (`order_id`),
  KEY `order_details_user_id_foreign` (`user_id`),
  KEY `order_details_shipping_id_foreign` (`shipping_id`),
  KEY `order_details_delivery_id_foreign` (`delivery_id`),
  KEY `order_details_payment_id_foreign` (`payment_id`),
  KEY `order_details_invoice_id_foreign` (`invoice_id`),
  CONSTRAINT `order_details_delivery_id_foreign` FOREIGN KEY (`delivery_id`) REFERENCES `deliveries` (`id`) ON DELETE CASCADE ON UPDATE CASCADE,
  CONSTRAINT `order_details_invoice_id_foreign` FOREIGN KEY (`invoice_id`) REFERENCES `invoices` (`id`) ON DELETE CASCADE ON UPDATE CASCADE,
  CONSTRAINT `order_details_order_id_foreign` FOREIGN KEY (`order_id`) REFERENCES `orders` (`id`) ON DELETE CASCADE ON UPDATE CASCADE,
  CONSTRAINT `order_details_payment_id_foreign` FOREIGN KEY (`payment_id`) REFERENCES `payments` (`id`) ON DELETE CASCADE ON UPDATE CASCADE,
  CONSTRAINT `order_details_product_id_foreign` FOREIGN KEY (`product_id`) REFERENCES `products` (`id`) ON DELETE CASCADE ON UPDATE CASCADE,
  CONSTRAINT `order_details_shipping_id_foreign` FOREIGN KEY (`shipping_id`) REFERENCES `shippings` (`id`) ON DELETE CASCADE ON UPDATE CASCADE,
  CONSTRAINT `order_details_user_id_foreign` FOREIGN KEY (`user_id`) REFERENCES `users` (`id`) ON DELETE CASCADE ON UPDATE CASCADE
) ENGINE=InnoDB AUTO_INCREMENT=21 DEFAULT CHARSET=utf8mb4 COLLATE=utf8mb4_unicode_ci;
/*!40101 SET character_set_client = @saved_cs_client */;

--
-- Dumping data for table `order_details`
--

LOCK TABLES `order_details` WRITE;
/*!40000 ALTER TABLE `order_details` DISABLE KEYS */;
INSERT INTO `order_details` VALUES (1,1,'LG Phone',100,2,200,1,1,1,1,1,1,'2022-08-08 11:42:20','2022-08-08 11:42:20'),(2,3,'Ladies Jeans',100,3,300,1,1,1,1,1,1,'2022-08-08 11:42:20','2022-08-08 11:42:20'),(3,1,'LG Phone',100,2,200,2,1,2,2,2,2,'2022-08-11 05:30:06','2022-08-11 05:30:06'),(4,2,'Tshirt',100,3,300,2,1,2,2,2,2,'2022-08-11 05:30:06','2022-08-11 05:30:06'),(5,2,'Tshirt',100,4,100,4,1,4,4,4,4,'2022-08-11 07:25:37','2022-08-11 07:25:37'),(6,3,'Ladies Jeans',100,1,100,4,1,4,4,4,4,'2022-08-11 07:25:37','2022-08-11 07:25:37'),(7,1,'LG Phone',100,2,100,5,1,5,5,5,5,'2022-08-15 03:44:25','2022-08-15 03:44:25'),(8,3,'Plain Blue Men SHirt',399,1,399,7,1,7,7,7,7,'2022-08-26 00:17:45','2022-08-26 00:17:45'),(9,5,'Blue Tshirt ',149,1,149,7,1,7,7,7,7,'2022-08-26 00:17:45','2022-08-26 00:17:45'),(10,2,'Red Cheques Men Shirt',199,1,199,10,1,10,9,9,8,'2022-09-10 03:31:27','2022-09-10 03:31:27'),(11,7,'iphone 13',150000,1,150000,13,1,13,12,12,11,'2022-09-10 13:37:32','2022-09-10 13:37:32'),(12,5,'Blue Tshirt ',149,1,149,14,3,14,13,13,12,'2022-09-10 13:46:56','2022-09-10 13:46:56'),(13,7,'iphone 13',150000,1,150000,14,3,14,13,13,12,'2022-09-10 13:46:56','2022-09-10 13:46:56'),(14,7,'iphone 13',150000,1,150000,16,3,16,15,15,14,'2022-09-10 14:00:03','2022-09-10 14:00:03'),(15,7,'iphone 13',150000,1,150000,18,3,18,17,17,16,'2022-09-10 14:02:53','2022-09-10 14:02:53'),(16,1,'LG Phone',100,1,100,20,1,20,19,19,18,'2022-09-10 14:04:44','2022-09-10 14:04:44'),(17,5,'Blue Tshirt ',149,1,149,20,1,20,19,19,18,'2022-09-10 14:04:44','2022-09-10 14:04:44'),(18,1,'LG Phone',100,1,100,21,3,21,20,20,19,'2022-09-10 14:23:54','2022-09-10 14:23:54'),(19,11,'Samsung Galaxy',11999,1,11999,21,3,21,20,20,19,'2022-09-10 14:23:54','2022-09-10 14:23:54'),(20,1,'LG Phone',100,5,100,22,3,22,21,21,20,'2022-09-15 01:46:40','2022-09-15 01:46:40');
/*!40000 ALTER TABLE `order_details` ENABLE KEYS */;
UNLOCK TABLES;

--
-- Table structure for table `orders`
--

DROP TABLE IF EXISTS `orders`;
/*!40101 SET @saved_cs_client     = @@character_set_client */;
/*!40101 SET character_set_client = utf8 */;
CREATE TABLE `orders` (
  `id` bigint(20) unsigned NOT NULL AUTO_INCREMENT,
  `total` int(11) DEFAULT NULL,
  `user_id` bigint(20) unsigned NOT NULL,
  `created_at` timestamp NULL DEFAULT NULL,
  `updated_at` timestamp NULL DEFAULT NULL,
  PRIMARY KEY (`id`),
  KEY `orders_user_id_foreign` (`user_id`),
  CONSTRAINT `orders_user_id_foreign` FOREIGN KEY (`user_id`) REFERENCES `users` (`id`) ON DELETE CASCADE ON UPDATE CASCADE
) ENGINE=InnoDB AUTO_INCREMENT=24 DEFAULT CHARSET=utf8mb4 COLLATE=utf8mb4_unicode_ci;
/*!40101 SET character_set_client = @saved_cs_client */;

--
-- Dumping data for table `orders`
--

LOCK TABLES `orders` WRITE;
/*!40000 ALTER TABLE `orders` DISABLE KEYS */;
INSERT INTO `orders` VALUES (1,500,1,'2022-08-08 11:42:20','2022-08-08 11:42:20'),(2,500,1,'2022-08-11 05:30:06','2022-08-11 05:30:06'),(4,140,1,'2022-08-11 07:25:37','2022-08-11 07:25:37'),(5,240,1,'2022-08-15 03:44:25','2022-08-15 03:44:25'),(7,548,1,'2022-08-26 00:17:45','2022-08-26 00:17:45'),(10,239,1,'2022-09-10 03:31:27','2022-09-10 03:31:27'),(12,150000,1,'2022-09-10 13:36:44','2022-09-10 13:36:44'),(13,150000,1,'2022-09-10 13:37:32','2022-09-10 13:37:32'),(14,150149,3,'2022-09-10 13:46:56','2022-09-10 13:46:56'),(15,150000,3,'2022-09-10 13:48:08','2022-09-10 13:48:08'),(16,150000,3,'2022-09-10 14:00:03','2022-09-10 14:00:03'),(17,150000,3,'2022-09-10 14:02:48','2022-09-10 14:02:48'),(18,150000,3,'2022-09-10 14:02:53','2022-09-10 14:02:53'),(19,140,1,'2022-09-10 14:04:35','2022-09-10 14:04:35'),(20,140,1,'2022-09-10 14:04:44','2022-09-10 14:04:44'),(21,12099,3,'2022-09-10 14:23:54','2022-09-10 14:23:54'),(22,500,3,'2022-09-15 01:46:40','2022-09-15 01:46:40'),(23,500,3,'2022-09-15 01:55:28','2022-09-15 01:55:28');
/*!40000 ALTER TABLE `orders` ENABLE KEYS */;
UNLOCK TABLES;

--
-- Table structure for table `password_resets`
--

DROP TABLE IF EXISTS `password_resets`;
/*!40101 SET @saved_cs_client     = @@character_set_client */;
/*!40101 SET character_set_client = utf8 */;
CREATE TABLE `password_resets` (
  `email` varchar(255) COLLATE utf8mb4_unicode_ci NOT NULL,
  `token` varchar(255) COLLATE utf8mb4_unicode_ci NOT NULL,
  `created_at` timestamp NULL DEFAULT NULL,
  KEY `password_resets_email_index` (`email`)
) ENGINE=InnoDB DEFAULT CHARSET=utf8mb4 COLLATE=utf8mb4_unicode_ci;
/*!40101 SET character_set_client = @saved_cs_client */;

--
-- Dumping data for table `password_resets`
--

LOCK TABLES `password_resets` WRITE;
/*!40000 ALTER TABLE `password_resets` DISABLE KEYS */;
/*!40000 ALTER TABLE `password_resets` ENABLE KEYS */;
UNLOCK TABLES;

--
-- Table structure for table `payments`
--

DROP TABLE IF EXISTS `payments`;
/*!40101 SET @saved_cs_client     = @@character_set_client */;
/*!40101 SET character_set_client = utf8 */;
CREATE TABLE `payments` (
  `id` bigint(20) unsigned NOT NULL AUTO_INCREMENT,
  `status` enum('PENDING','PROCESSED','COMPLETED') COLLATE utf8mb4_unicode_ci DEFAULT 'PENDING',
  `method` enum('UPI','CARD','NETBANK','COD') COLLATE utf8mb4_unicode_ci DEFAULT 'COD',
  `status_slug` varchar(255) COLLATE utf8mb4_unicode_ci DEFAULT 'pending',
  `method_slug` varchar(255) COLLATE utf8mb4_unicode_ci DEFAULT 'cod',
  `method_name` varchar(255) COLLATE utf8mb4_unicode_ci DEFAULT 'Cash On Delivery',
  `total` int(11) DEFAULT NULL,
  `date` date DEFAULT NULL,
  `order_id` bigint(20) unsigned NOT NULL,
  `user_id` bigint(20) unsigned NOT NULL,
  `created_at` timestamp NULL DEFAULT NULL,
  `updated_at` timestamp NULL DEFAULT NULL,
  PRIMARY KEY (`id`),
  KEY `payments_order_id_foreign` (`order_id`),
  KEY `payments_user_id_foreign` (`user_id`),
  CONSTRAINT `payments_order_id_foreign` FOREIGN KEY (`order_id`) REFERENCES `orders` (`id`) ON DELETE CASCADE ON UPDATE CASCADE,
  CONSTRAINT `payments_user_id_foreign` FOREIGN KEY (`user_id`) REFERENCES `users` (`id`) ON DELETE CASCADE ON UPDATE CASCADE
) ENGINE=InnoDB AUTO_INCREMENT=23 DEFAULT CHARSET=utf8mb4 COLLATE=utf8mb4_unicode_ci;
/*!40101 SET character_set_client = @saved_cs_client */;

--
-- Dumping data for table `payments`
--

LOCK TABLES `payments` WRITE;
/*!40000 ALTER TABLE `payments` DISABLE KEYS */;
INSERT INTO `payments` VALUES (1,'PENDING','UPI','pending','upi','UPI',500,NULL,1,1,'2022-08-08 11:42:20','2022-09-04 07:42:27'),(2,'PENDING','CARD','pending','cod','Credit / Debit / ATM Card',500,NULL,2,1,'2022-08-11 05:30:06','2022-08-11 05:30:06'),(4,'PENDING','COD','pending','cod','Cash On Delivery',140,NULL,4,1,'2022-08-11 07:25:37','2022-08-11 07:25:37'),(5,'PENDING','CARD','pending','cod','Credit / Debit / ATM Card',240,NULL,5,1,'2022-08-15 03:44:25','2022-08-15 03:44:25'),(7,'PENDING','COD','pending','cod','Cash On Delivery',548,NULL,7,1,'2022-08-26 00:17:45','2022-08-26 00:17:45'),(9,'PROCESSED','CARD','processed','card','Cash On Delivery',239,NULL,10,1,'2022-09-10 03:31:27','2022-09-10 03:38:58'),(11,'PENDING','UPI','pending','upi','Cash On Delivery',150000,NULL,12,1,'2022-09-10 13:36:44','2022-09-10 13:36:44'),(12,'PENDING','UPI','pending','upi','Cash On Delivery',150000,NULL,13,1,'2022-09-10 13:37:32','2022-09-10 13:37:32'),(13,'PENDING','UPI','pending','upi','Cash On Delivery',150149,NULL,14,3,'2022-09-10 13:46:56','2022-09-10 13:46:56'),(14,'PENDING','COD','pending','cod','Cash On Delivery',150000,NULL,15,3,'2022-09-10 13:48:08','2022-09-10 13:48:08'),(15,'PENDING','UPI','pending','upi','Cash On Delivery',150000,NULL,16,3,'2022-09-10 14:00:03','2022-09-10 14:00:03'),(16,'PENDING','COD','pending','cod','Cash On Delivery',150000,NULL,17,3,'2022-09-10 14:02:49','2022-09-10 14:02:49'),(17,'PENDING','COD','pending','cod','Cash On Delivery',150000,NULL,18,3,'2022-09-10 14:02:53','2022-09-10 14:02:53'),(18,'PENDING','UPI','pending','upi','Cash On Delivery',140,NULL,19,1,'2022-09-10 14:04:35','2022-09-10 14:04:35'),(19,'PENDING','UPI','pending','upi','Cash On Delivery',140,NULL,20,1,'2022-09-10 14:04:44','2022-09-10 14:04:44'),(20,'PENDING','UPI','pending','upi','Cash On Delivery',12099,NULL,21,3,'2022-09-10 14:23:54','2022-09-10 14:23:54'),(21,'PENDING','CARD','pending','card','Cash On Delivery',500,NULL,22,3,'2022-09-15 01:46:40','2022-09-15 01:46:40'),(22,'PENDING','CARD','pending','card','Cash On Delivery',500,NULL,23,3,'2022-09-15 01:55:28','2022-09-15 01:55:28');
/*!40000 ALTER TABLE `payments` ENABLE KEYS */;
UNLOCK TABLES;

--
-- Table structure for table `personal_access_tokens`
--

DROP TABLE IF EXISTS `personal_access_tokens`;
/*!40101 SET @saved_cs_client     = @@character_set_client */;
/*!40101 SET character_set_client = utf8 */;
CREATE TABLE `personal_access_tokens` (
  `id` bigint(20) unsigned NOT NULL AUTO_INCREMENT,
  `tokenable_type` varchar(255) COLLATE utf8mb4_unicode_ci NOT NULL,
  `tokenable_id` bigint(20) unsigned NOT NULL,
  `name` varchar(255) COLLATE utf8mb4_unicode_ci NOT NULL,
  `token` varchar(64) COLLATE utf8mb4_unicode_ci NOT NULL,
  `abilities` text COLLATE utf8mb4_unicode_ci DEFAULT NULL,
  `last_used_at` timestamp NULL DEFAULT NULL,
  `created_at` timestamp NULL DEFAULT NULL,
  `updated_at` timestamp NULL DEFAULT NULL,
  PRIMARY KEY (`id`),
  UNIQUE KEY `personal_access_tokens_token_unique` (`token`),
  KEY `personal_access_tokens_tokenable_type_tokenable_id_index` (`tokenable_type`,`tokenable_id`)
) ENGINE=InnoDB DEFAULT CHARSET=utf8mb4 COLLATE=utf8mb4_unicode_ci;
/*!40101 SET character_set_client = @saved_cs_client */;

--
-- Dumping data for table `personal_access_tokens`
--

LOCK TABLES `personal_access_tokens` WRITE;
/*!40000 ALTER TABLE `personal_access_tokens` DISABLE KEYS */;
/*!40000 ALTER TABLE `personal_access_tokens` ENABLE KEYS */;
UNLOCK TABLES;

--
-- Table structure for table `products`
--

DROP TABLE IF EXISTS `products`;
/*!40101 SET @saved_cs_client     = @@character_set_client */;
/*!40101 SET character_set_client = utf8 */;
CREATE TABLE `products` (
  `id` bigint(20) unsigned NOT NULL AUTO_INCREMENT,
  `seller_id` bigint(20) unsigned NOT NULL,
  `name` text COLLATE utf8mb4_unicode_ci DEFAULT NULL,
  `slug` text COLLATE utf8mb4_unicode_ci DEFAULT NULL,
  `status` varchar(255) COLLATE utf8mb4_unicode_ci DEFAULT 'published',
  `category_id` bigint(20) unsigned NOT NULL,
  `price` varchar(255) COLLATE utf8mb4_unicode_ci DEFAULT NULL,
  `stock` varchar(255) COLLATE utf8mb4_unicode_ci DEFAULT NULL,
  `docs` varchar(255) COLLATE utf8mb4_unicode_ci DEFAULT NULL,
  `discount` varchar(255) COLLATE utf8mb4_unicode_ci DEFAULT NULL,
  `description` text COLLATE utf8mb4_unicode_ci DEFAULT NULL,
  `details` text COLLATE utf8mb4_unicode_ci DEFAULT NULL,
  `gallery` text COLLATE utf8mb4_unicode_ci DEFAULT NULL,
  `related` longtext CHARACTER SET utf8mb4 COLLATE utf8mb4_bin DEFAULT NULL CHECK (json_valid(`related`)),
  `tags` longtext CHARACTER SET utf8mb4 COLLATE utf8mb4_bin DEFAULT NULL CHECK (json_valid(`tags`)),
  `media` longtext CHARACTER SET utf8mb4 COLLATE utf8mb4_bin DEFAULT NULL CHECK (json_valid(`media`)),
  `ratings` varchar(255) COLLATE utf8mb4_unicode_ci DEFAULT NULL,
  `created_at` timestamp NULL DEFAULT NULL,
  `updated_at` timestamp NULL DEFAULT NULL,
  PRIMARY KEY (`id`),
  KEY `products_seller_id_foreign` (`seller_id`),
  KEY `products_category_id_foreign` (`category_id`),
  CONSTRAINT `products_category_id_foreign` FOREIGN KEY (`category_id`) REFERENCES `categories` (`id`) ON DELETE CASCADE ON UPDATE CASCADE,
  CONSTRAINT `products_seller_id_foreign` FOREIGN KEY (`seller_id`) REFERENCES `sellers` (`id`) ON DELETE CASCADE ON UPDATE CASCADE
) ENGINE=InnoDB AUTO_INCREMENT=13 DEFAULT CHARSET=utf8mb4 COLLATE=utf8mb4_unicode_ci;
/*!40101 SET character_set_client = @saved_cs_client */;

--
-- Dumping data for table `products`
--

LOCK TABLES `products` WRITE;
/*!40000 ALTER TABLE `products` DISABLE KEYS */;
INSERT INTO `products` VALUES (1,1,'LG Phone - Edit','lg-phone-edit','published',3,'100','94','null','15','<p>amazing produ</p>','Amazing details','assets/product_images/lgphone.png','\"null\"',NULL,NULL,'5',NULL,'2022-09-15 02:00:04'),(2,1,'Red Cheques Men Shirt','red-cheques-men-shirt',NULL,2,'199','500','null','33','<p>Cheques Cotton Red SHirt Full Sleeves</p>','Cheques Cotton Red SHirt Full Sleeves','assets/product_images/202209102014red-cheques-men-shirt.jpg','\"null\"',NULL,NULL,'5',NULL,'2022-09-10 14:44:17'),(3,1,'Plain Blue Men SHirt','men-shirt-3',NULL,2,'399','200','null','26','Plain Blue Sleeves Men Shirt Polish Cotton Finishing','Plain Blue Sleeves Men Shirt Polish Cotton Finishing','assets/product_images/shirt1.png',NULL,NULL,NULL,'5',NULL,NULL),(4,1,'Red Polo T-Shirt Cotton Half Sleeves\r\n','red-polo-tshirt-4',NULL,2,'199','200','100','12','Fabric Type : 100% Polyester\r\nCare Instructions : Do Not Bleach\r\nClosure Type : Pull On\r\nSleeve Type : Short Sleeve','Fabric Type : 100% Polyester\r\nCare Instructions : Do Not Bleach\r\nClosure Type : Pull On\r\nSleeve Type : Short Sleeve','assets/product_images/tshirt1.png',NULL,NULL,NULL,'5','2022-08-25 18:52:00','2022-08-25 18:52:00'),(5,1,'Blue Tshirt','blue-tshirt',NULL,1,'149','100',NULL,'20','<p>Style Detail : Round Neck Material: Cotton and Nylon Total no. Of items sold: 1 pcs Wash Care: Normal</p>','Style Detail : Round Neck\r\nMaterial: Cotton and Nylon\r\nTotal no. Of items sold: 1 pcs\r\nWash Care: Normal','assets/product_images/202209102015blue-tshirt.png','\"[\\\"all\\\",\\\"clothes\\\"]\"',NULL,NULL,'5','2022-08-25 18:59:31','2022-09-10 14:45:24'),(6,1,'Ladies Tshirt Round Collar','ladies-tshirt-6',NULL,2,'239','60',NULL,'22','Care Instructions: Hand Wash Only\r\n100% Cotton\r\nSleeve type: Half sleeve with stylish casual oversize design for Men and Women.\r\nFit Type: Loose\r\nColor : Maroon','Care Instructions: Hand Wash Only\r\n100% Cotton\r\nSleeve type: Half sleeve with stylish casual oversize design for Men and Women.\r\nFit Type: Loose\r\nColor : Maroon','assets/product_images/ftshirt1.png',NULL,NULL,NULL,'5','2022-08-25 18:59:31','2022-08-25 18:59:31'),(7,1,'iphone 13','iphone13',NULL,3,'150000','40',NULL,'10','6.7-inch Super Retina XDR display with ProMotion for a faster, more responsive feel\r\nCinematic mode adds shallow depth of field and shifts focus automatically in your videos\r\nPro camera system with new 12MP Telephoto, Wide, and Ultra Wide cameras; LiDAR Scanner; 6x optical zoom range; macro photography; Photographic Styles, ProRes video, Smart HDR 4, Night mode, Apple ProRAW, 4K Dolby Vision HDR recording','6.7-inch Super Retina XDR display with ProMotion for a faster, more responsive feel\r\nCinematic mode adds shallow depth of field and shifts focus automatically in your videos\r\nPro camera system with new 12MP Telephoto, Wide, and Ultra Wide cameras; LiDAR Scanner; 6x optical zoom range; macro photography; Photographic Styles, ProRes video, Smart HDR 4, Night mode, Apple ProRAW, 4K Dolby Vision HDR recording','assets/product_images/iphone13.png',NULL,NULL,NULL,'5','2022-08-25 19:22:26','2022-08-25 19:22:26'),(9,1,'Motorola','motorola',NULL,3,'20000','10',NULL,'12','Brand	Motorola\r\nModel Name	Moto G power | 2021 | Unlocked | Made for US by Motorola | 4/64GB | 48MP Camera | Gray\r\nWireless Carrier	Unlocked\r\nOperating System	Android 10.0\r\nCellular Technology	4G\r\nMemory Storage Capacity	64 GB\r\nConnectivity Technology	Wi-Fi, USB\r\nColor	Gray\r\nScreen Size	6.6 Inches\r\nWireless network technology','Brand	Motorola\r\nModel Name	Moto G power | 2021 | Unlocked | Made for US by Motorola | 4/64GB | 48MP Camera | Gray\r\nWireless Carrier	Unlocked\r\nOperating System	Android 10.0\r\nCellular Technology	4G\r\nMemory Storage Capacity	64 GB\r\nConnectivity Technology	Wi-Fi, USB\r\nColor	Gray\r\nScreen Size	6.6 Inches\r\nWireless network technology','assets/product_images/motorola.png',NULL,NULL,NULL,'5','2022-08-25 19:28:29','2022-08-25 19:28:29'),(11,1,'Samsung galaxy midnight','samsung-galaxy-m13-midnight-blue-4gb-64gb-storage-6000mah-battery-upto-8gb-ram-with-ram-plus','published',7,'11999','4',NULL,'38','<p>BrandSamsungModel NameSamsung Galaxy M13Network Service ProviderUnlocked for All CarriersOSAndroid 12.0Cellular Technology4Gheh3</p>','Samsung Galaxy M13 (Midnight Blue, 4GB, 64GB Storage) | 6000mAh Battery | Upto 8GB RAM with RAM Plus','assets/product_images/202209031028samsung-galaxy-m13-midnight-blue-4gb-64gb-storage-6000mah-battery-upto-8gb-ram-with-ram-plus.jpg','\"[\\\"all\\\",\\\"electronics\\\"]\"','\"[{\\\"value\\\":\\\"selling fast\\\"},{\\\"value\\\":\\\"sale\\\"},{\\\"value\\\":\\\"trending\\\"}]\"','\"[\\\"assets\\\\\\/product_images\\\\\\/202209031028samsung-galaxy-m13-midnight-blue-4gb-64gb-storage-6000mah-battery-upto-8gb-ram-with-ram-plus0.png\\\",\\\"assets\\\\\\/product_images\\\\\\/202209031028samsung-galaxy-m13-midnight-blue-4gb-64gb-storage-6000mah-battery-upto-8gb-ram-with-ram-plus1.png\\\",\\\"assets\\\\\\/product_images\\\\\\/202209031028samsung-galaxy-m13-midnight-blue-4gb-64gb-storage-6000mah-battery-upto-8gb-ram-with-ram-plus2.png\\\",\\\"assets\\\\\\/product_images\\\\\\/202209031028samsung-galaxy-m13-midnight-blue-4gb-64gb-storage-6000mah-battery-upto-8gb-ram-with-ram-plus3.png\\\"]\"',NULL,'2022-09-02 13:45:56','2022-09-10 14:23:54'),(12,1,'Worlds Greatest Books For Personal Growth','worlds-greatest-books-for-personal-growth',NULL,8,'152',NULL,NULL,NULL,'<p>A collection of world\'s timeless classics, this box set includes the four greatest bestsellers, which have inspired readers for generations. Packed with wisdom and time-tested principles that are as relevant in modern times as ever before, these inspirational books are a must-read for all those aspiring for personal growth and wealth.</p><p><br></p><p><br></p>',NULL,'assets/product_images/202209150735worlds-greatest-books-for-personal-growth.jpg','\"[\\\"books\\\"]\"','\"[{\\\"value\\\":\\\"new\\\"},{\\\"value\\\":\\\"discounted\\\"},{\\\"value\\\":\\\"selling fast\\\"},{\\\"value\\\":\\\"last 10\\\"}]\"','\"[\\\"assets\\\\\\/product_images\\\\\\/202209150735worlds-greatest-books-for-personal-growth0.png\\\",\\\"assets\\\\\\/product_images\\\\\\/202209150735worlds-greatest-books-for-personal-growth1.png\\\",\\\"assets\\\\\\/product_images\\\\\\/202209150735worlds-greatest-books-for-personal-growth2.png\\\"]\"',NULL,'2022-09-15 02:05:58','2022-09-15 02:05:58');
/*!40000 ALTER TABLE `products` ENABLE KEYS */;
UNLOCK TABLES;

--
-- Table structure for table `sellers`
--

DROP TABLE IF EXISTS `sellers`;
/*!40101 SET @saved_cs_client     = @@character_set_client */;
/*!40101 SET character_set_client = utf8 */;
CREATE TABLE `sellers` (
  `id` bigint(20) unsigned NOT NULL AUTO_INCREMENT,
  `name` varchar(255) COLLATE utf8mb4_unicode_ci DEFAULT NULL,
  `company` varchar(255) COLLATE utf8mb4_unicode_ci DEFAULT NULL,
  `email` varchar(255) COLLATE utf8mb4_unicode_ci DEFAULT NULL,
  `number` varchar(255) COLLATE utf8mb4_unicode_ci DEFAULT NULL,
  `slug` varchar(255) COLLATE utf8mb4_unicode_ci DEFAULT NULL,
  `password` varchar(255) COLLATE utf8mb4_unicode_ci DEFAULT NULL,
  `created_at` timestamp NULL DEFAULT NULL,
  `updated_at` timestamp NULL DEFAULT NULL,
  PRIMARY KEY (`id`),
  UNIQUE KEY `sellers_company_unique` (`company`)
) ENGINE=InnoDB AUTO_INCREMENT=2 DEFAULT CHARSET=utf8mb4 COLLATE=utf8mb4_unicode_ci;
/*!40101 SET character_set_client = @saved_cs_client */;

--
-- Dumping data for table `sellers`
--

LOCK TABLES `sellers` WRITE;
/*!40000 ALTER TABLE `sellers` DISABLE KEYS */;
INSERT INTO `sellers` VALUES (1,'Akhil Jaiswar','Akiru Ventures','akhil.jaiswar272@gmail.com','+919833058442','admin','12345678','2022-08-06 01:47:31','2022-08-06 01:47:31');
/*!40000 ALTER TABLE `sellers` ENABLE KEYS */;
UNLOCK TABLES;

--
-- Table structure for table `shippings`
--

DROP TABLE IF EXISTS `shippings`;
/*!40101 SET @saved_cs_client     = @@character_set_client */;
/*!40101 SET character_set_client = utf8 */;
CREATE TABLE `shippings` (
  `id` bigint(20) unsigned NOT NULL AUTO_INCREMENT,
  `status` enum('C','S') COLLATE utf8mb4_unicode_ci DEFAULT 'C',
  `name` varchar(255) COLLATE utf8mb4_unicode_ci DEFAULT 'Confirmed',
  `slug` varchar(255) COLLATE utf8mb4_unicode_ci DEFAULT 'confirmed',
  `order_id` bigint(20) unsigned NOT NULL,
  `user_id` bigint(20) unsigned NOT NULL,
  `created_at` timestamp NULL DEFAULT NULL,
  `updated_at` timestamp NULL DEFAULT NULL,
  PRIMARY KEY (`id`),
  KEY `shippings_order_id_foreign` (`order_id`),
  KEY `shippings_user_id_foreign` (`user_id`),
  CONSTRAINT `shippings_order_id_foreign` FOREIGN KEY (`order_id`) REFERENCES `orders` (`id`) ON DELETE CASCADE ON UPDATE CASCADE,
  CONSTRAINT `shippings_user_id_foreign` FOREIGN KEY (`user_id`) REFERENCES `users` (`id`) ON DELETE CASCADE ON UPDATE CASCADE
) ENGINE=InnoDB AUTO_INCREMENT=24 DEFAULT CHARSET=utf8mb4 COLLATE=utf8mb4_unicode_ci;
/*!40101 SET character_set_client = @saved_cs_client */;

--
-- Dumping data for table `shippings`
--

LOCK TABLES `shippings` WRITE;
/*!40000 ALTER TABLE `shippings` DISABLE KEYS */;
INSERT INTO `shippings` VALUES (1,'C','CONFIRMED','confirmed',1,1,'2022-08-08 11:42:20','2022-09-04 07:42:27'),(2,'C','Confirmed','confirmed',2,1,'2022-08-11 05:30:06','2022-08-11 05:30:06'),(4,'C','Confirmed','confirmed',4,1,'2022-08-11 07:25:37','2022-08-11 07:25:37'),(5,'C','Confirmed','confirmed',5,1,'2022-08-15 03:44:25','2022-08-15 03:44:25'),(7,'S','SHIPPED','shipped',7,1,'2022-08-26 00:17:45','2022-09-05 12:38:49'),(10,'C','Confirmed','confirmed',10,1,'2022-09-10 03:31:27','2022-09-10 03:31:27'),(12,'C','Confirmed','confirmed',12,1,'2022-09-10 13:36:44','2022-09-10 13:36:44'),(13,'C','Confirmed','confirmed',13,1,'2022-09-10 13:37:32','2022-09-10 13:37:32'),(14,'C','Confirmed','confirmed',14,3,'2022-09-10 13:46:56','2022-09-10 13:46:56'),(15,'C','Confirmed','confirmed',15,3,'2022-09-10 13:48:08','2022-09-10 13:48:08'),(16,'C','Confirmed','confirmed',16,3,'2022-09-10 14:00:03','2022-09-10 14:00:03'),(17,'C','Confirmed','confirmed',17,3,'2022-09-10 14:02:48','2022-09-10 14:02:48'),(18,'C','Confirmed','confirmed',18,3,'2022-09-10 14:02:53','2022-09-10 14:02:53'),(19,'C','Confirmed','confirmed',19,1,'2022-09-10 14:04:35','2022-09-10 14:04:35'),(20,'C','Confirmed','confirmed',20,1,'2022-09-10 14:04:44','2022-09-10 14:04:44'),(21,'C','Confirmed','confirmed',21,3,'2022-09-10 14:23:54','2022-09-10 14:23:54'),(22,'C','Confirmed','confirmed',22,3,'2022-09-15 01:46:40','2022-09-15 01:46:40'),(23,'C','Confirmed','confirmed',23,3,'2022-09-15 01:55:28','2022-09-15 01:55:28');
/*!40000 ALTER TABLE `shippings` ENABLE KEYS */;
UNLOCK TABLES;

--
-- Table structure for table `states`
--

DROP TABLE IF EXISTS `states`;
/*!40101 SET @saved_cs_client     = @@character_set_client */;
/*!40101 SET character_set_client = utf8 */;
CREATE TABLE `states` (
  `id` bigint(20) unsigned NOT NULL AUTO_INCREMENT,
  `name` varchar(255) COLLATE utf8mb4_unicode_ci DEFAULT NULL,
  `slug` varchar(255) COLLATE utf8mb4_unicode_ci DEFAULT NULL,
  `country_id` bigint(20) unsigned NOT NULL,
  `created_at` timestamp NULL DEFAULT NULL,
  `updated_at` timestamp NULL DEFAULT NULL,
  PRIMARY KEY (`id`),
  KEY `states_country_id_foreign` (`country_id`),
  CONSTRAINT `states_country_id_foreign` FOREIGN KEY (`country_id`) REFERENCES `countries` (`id`) ON DELETE CASCADE ON UPDATE CASCADE
) ENGINE=InnoDB AUTO_INCREMENT=33 DEFAULT CHARSET=utf8mb4 COLLATE=utf8mb4_unicode_ci;
/*!40101 SET character_set_client = @saved_cs_client */;

--
-- Dumping data for table `states`
--

LOCK TABLES `states` WRITE;
/*!40000 ALTER TABLE `states` DISABLE KEYS */;
INSERT INTO `states` VALUES (1,'Andhra Pradesh (AP)','andhra-pradesh-ap',1,'2022-08-07 11:36:27','2022-08-07 11:36:27'),(2,'Arunachal Pradesh (AR)','arunachal-pradesh-ar',1,'2022-08-07 11:36:27','2022-08-07 11:36:27'),(3,'Assam (AS)','assam-as',1,'2022-08-07 11:36:28','2022-08-07 11:36:28'),(4,'Bihar (BR)','bihar-br',1,'2022-08-07 11:36:28','2022-08-07 11:36:28'),(5,'Chhattisgarh (CG)','chhattisgarh-cg',1,'2022-08-07 11:36:28','2022-08-07 11:36:28'),(6,'Dadra and Nagar Haveli (DN)','dadra-and-nagar-haveli-dn',1,'2022-08-07 11:36:28','2022-08-07 11:36:28'),(7,'Daman and Diu (DD)','daman-and-diu-dd',1,'2022-08-07 11:36:28','2022-08-07 11:36:28'),(8,'Delhi (DL)','delhi-dl',1,'2022-08-07 11:36:28','2022-08-07 11:36:28'),(9,'Goa (GA)','goa-ga',1,'2022-08-07 11:36:28','2022-08-07 11:36:28'),(10,'Gujarat (GJ)','gujarat-gj',1,'2022-08-07 11:36:28','2022-08-07 11:36:28'),(11,'Haryana (HR)','haryana-hr',1,'2022-08-07 11:36:28','2022-08-07 11:36:28'),(12,'Himachal Pradesh (HP)','himachal-pradesh-hp',1,'2022-08-07 11:36:28','2022-08-07 11:36:28'),(13,'Jammu and Kashmir (JK)','jammu-and-kashmir-jk',1,'2022-08-07 11:36:28','2022-08-07 11:36:28'),(14,'Jharkhand (JH)','jharkhand-jh',1,'2022-08-07 11:36:28','2022-08-07 11:36:28'),(15,'Karnataka (KA)','karnataka-ka',1,'2022-08-07 11:36:28','2022-08-07 11:36:28'),(16,'Kerala (KL)','kerala-kl',1,'2022-08-07 11:36:28','2022-08-07 11:36:28'),(17,'Madhya Pradesh (MP)','madhya-pradesh-mp',1,'2022-08-07 11:36:28','2022-08-07 11:36:28'),(18,'Maharashtra (MH)','maharashtra-mh',1,'2022-08-07 11:36:28','2022-08-07 11:36:28'),(19,'Manipur (MN)','manipur-mn',1,'2022-08-07 11:36:28','2022-08-07 11:36:28'),(20,'Meghalaya (ML)','meghalaya-ml',1,'2022-08-07 11:36:28','2022-08-07 11:36:28'),(21,'Mizoram (MZ)','mizoram-mz',1,'2022-08-07 11:36:28','2022-08-07 11:36:28'),(22,'Nagaland (NL)','nagaland-nl',1,'2022-08-07 11:36:28','2022-08-07 11:36:28'),(23,'Orissa (OR)','orissa-or',1,'2022-08-07 11:36:28','2022-08-07 11:36:28'),(24,'Pondicherry (Puducherry) (PY)','pondicherry-puducherry-py',1,'2022-08-07 11:36:28','2022-08-07 11:36:28'),(25,'Punjab (PB)','punjab-pb',1,'2022-08-07 11:36:28','2022-08-07 11:36:28'),(26,'Rajasthan (RJ)','rajasthan-rj',1,'2022-08-07 11:36:28','2022-08-07 11:36:28'),(27,'Sikkim (SK)','sikkim-sk',1,'2022-08-07 11:36:28','2022-08-07 11:36:28'),(28,'Tamil Nadu (TN)','tamil-nadu-tn',1,'2022-08-07 11:36:28','2022-08-07 11:36:28'),(29,'Tripura (TR)','tripura-tr',1,'2022-08-07 11:36:28','2022-08-07 11:36:28'),(30,'Uttar Pradesh (UP)','uttar-pradesh-up',1,'2022-08-07 11:36:28','2022-08-07 11:36:28'),(31,'Uttarakhand (UK)','uttarakhand-uk',1,'2022-08-07 11:36:29','2022-08-07 11:36:29'),(32,'West Bengal (WB)','west-bengal-wb',1,'2022-08-07 11:36:29','2022-08-07 11:36:29');
/*!40000 ALTER TABLE `states` ENABLE KEYS */;
UNLOCK TABLES;

--
-- Table structure for table `statuses`
--

DROP TABLE IF EXISTS `statuses`;
/*!40101 SET @saved_cs_client     = @@character_set_client */;
/*!40101 SET character_set_client = utf8 */;
CREATE TABLE `statuses` (
  `id` bigint(20) unsigned NOT NULL AUTO_INCREMENT,
  `name` varchar(255) COLLATE utf8mb4_unicode_ci DEFAULT NULL,
  `slug` varchar(255) COLLATE utf8mb4_unicode_ci DEFAULT NULL,
  `created_at` timestamp NULL DEFAULT NULL,
  `updated_at` timestamp NULL DEFAULT NULL,
  PRIMARY KEY (`id`)
) ENGINE=InnoDB AUTO_INCREMENT=5 DEFAULT CHARSET=utf8mb4 COLLATE=utf8mb4_unicode_ci;
/*!40101 SET character_set_client = @saved_cs_client */;

--
-- Dumping data for table `statuses`
--

LOCK TABLES `statuses` WRITE;
/*!40000 ALTER TABLE `statuses` DISABLE KEYS */;
INSERT INTO `statuses` VALUES (1,'Published','published',NULL,NULL),(2,'Draft','draft',NULL,NULL),(3,'Scheduled','scheduled',NULL,NULL),(4,'Inactive','inactive',NULL,NULL);
/*!40000 ALTER TABLE `statuses` ENABLE KEYS */;
UNLOCK TABLES;

--
-- Table structure for table `user_addresses`
--

DROP TABLE IF EXISTS `user_addresses`;
/*!40101 SET @saved_cs_client     = @@character_set_client */;
/*!40101 SET character_set_client = utf8 */;
CREATE TABLE `user_addresses` (
  `id` bigint(20) unsigned NOT NULL AUTO_INCREMENT,
  `fname` varchar(255) COLLATE utf8mb4_unicode_ci DEFAULT NULL,
  `lname` varchar(255) COLLATE utf8mb4_unicode_ci DEFAULT NULL,
  `number` varchar(10) COLLATE utf8mb4_unicode_ci DEFAULT NULL,
  `street` text COLLATE utf8mb4_unicode_ci DEFAULT NULL,
  `locality` text COLLATE utf8mb4_unicode_ci DEFAULT NULL,
  `city_id` int(11) DEFAULT NULL,
  `state_id` int(11) DEFAULT NULL,
  `country_id` int(11) DEFAULT NULL,
  `pincode` varchar(6) COLLATE utf8mb4_unicode_ci DEFAULT NULL,
  `user_id` bigint(20) unsigned NOT NULL,
  `created_at` timestamp NULL DEFAULT NULL,
  `updated_at` timestamp NULL DEFAULT NULL,
  PRIMARY KEY (`id`),
  KEY `user_addresses_user_id_foreign` (`user_id`),
  CONSTRAINT `user_addresses_user_id_foreign` FOREIGN KEY (`user_id`) REFERENCES `users` (`id`) ON DELETE CASCADE ON UPDATE CASCADE
) ENGINE=InnoDB AUTO_INCREMENT=3 DEFAULT CHARSET=utf8mb4 COLLATE=utf8mb4_unicode_ci;
/*!40101 SET character_set_client = @saved_cs_client */;

--
-- Dumping data for table `user_addresses`
--

LOCK TABLES `user_addresses` WRITE;
/*!40000 ALTER TABLE `user_addresses` DISABLE KEYS */;
INSERT INTO `user_addresses` VALUES (1,'Akhil','Jaiswar','9833058442','DBN','Wadala',352,18,1,'400037',1,'2022-08-08 11:42:20','2022-08-11 07:25:37'),(2,'Akhil 2','Jaiswar','9833058442','Worli','Seaface',352,18,1,'400037',3,'2022-09-10 14:00:03','2022-09-10 14:00:03');
/*!40000 ALTER TABLE `user_addresses` ENABLE KEYS */;
UNLOCK TABLES;

--
-- Table structure for table `users`
--

DROP TABLE IF EXISTS `users`;
/*!40101 SET @saved_cs_client     = @@character_set_client */;
/*!40101 SET character_set_client = utf8 */;
CREATE TABLE `users` (
  `id` bigint(20) unsigned NOT NULL AUTO_INCREMENT,
  `status` varchar(255) COLLATE utf8mb4_unicode_ci DEFAULT 'active',
  `name` varchar(255) COLLATE utf8mb4_unicode_ci DEFAULT NULL,
  `email` varchar(255) COLLATE utf8mb4_unicode_ci DEFAULT NULL,
  `username` varchar(255) COLLATE utf8mb4_unicode_ci DEFAULT NULL,
  `number` varchar(255) COLLATE utf8mb4_unicode_ci DEFAULT NULL,
  `email_verified_at` timestamp NULL DEFAULT NULL,
  `password` varchar(255) COLLATE utf8mb4_unicode_ci NOT NULL,
  `remember_token` varchar(100) COLLATE utf8mb4_unicode_ci DEFAULT NULL,
  `created_at` timestamp NULL DEFAULT NULL,
  `updated_at` timestamp NULL DEFAULT NULL,
  PRIMARY KEY (`id`),
  UNIQUE KEY `users_email_unique` (`email`),
  UNIQUE KEY `users_username_unique` (`username`),
  UNIQUE KEY `users_number_unique` (`number`)
) ENGINE=InnoDB AUTO_INCREMENT=4 DEFAULT CHARSET=utf8mb4 COLLATE=utf8mb4_unicode_ci;
/*!40101 SET character_set_client = @saved_cs_client */;

--
-- Dumping data for table `users`
--

LOCK TABLES `users` WRITE;
/*!40000 ALTER TABLE `users` DISABLE KEYS */;
INSERT INTO `users` VALUES (1,'active',NULL,'akhil@gmail.com','akhil','9833058442',NULL,'$2y$10$NwPASNdfMBoBojGAwOXxmevF97y.1IIv2YkKMY3FKD0.6IhKJpOY2',NULL,'2022-08-06 01:49:30','2022-08-06 01:49:30'),(3,'active',NULL,'akhilkumar.jaiswar272@gmail.com','akhil1234','9833058441',NULL,'$2y$10$UUhJ9sAtpBdz2SRcNwQXie1JasWyGk26Zl6E75W7Bj2ZiUNXRVnWS',NULL,'2022-08-15 04:43:39','2022-08-15 04:43:39');
/*!40000 ALTER TABLE `users` ENABLE KEYS */;
UNLOCK TABLES;
/*!40103 SET TIME_ZONE=@OLD_TIME_ZONE */;

/*!40101 SET SQL_MODE=@OLD_SQL_MODE */;
/*!40014 SET FOREIGN_KEY_CHECKS=@OLD_FOREIGN_KEY_CHECKS */;
/*!40014 SET UNIQUE_CHECKS=@OLD_UNIQUE_CHECKS */;
/*!40101 SET CHARACTER_SET_CLIENT=@OLD_CHARACTER_SET_CLIENT */;
/*!40101 SET CHARACTER_SET_RESULTS=@OLD_CHARACTER_SET_RESULTS */;
/*!40101 SET COLLATION_CONNECTION=@OLD_COLLATION_CONNECTION */;
/*!40111 SET SQL_NOTES=@OLD_SQL_NOTES */;

-- Dump completed on 2022-09-18 19:24:45
